user_id,star_num,f_num,f_name
0,4,276,케이크
0,4,5,밥
0,4,278,빵
0,3,5,밥
0,3,12,초밥
0,4,33,만두
0,4,36,국수
0,4,70,국
0,4,320,카푸치노
0,3,184,버거
0,5,56,면
0,5,278,빵
0,5,30,파스타
0,4,0,김밥
0,5,157,푸딩
0,5,201,장아찌
0,5,254,스테이크
0,5,258,라자냐
0,5,31,라면
0,5,319,볼
0,4,56,면
0,4,144,닭갈비
0,4,206,나물
0,5,5,밥
0,5,26,카레
0,5,33,만두
0,5,176,말이
0,5,197,계란말이
0,4,176,말이
0,5,49,우동
0,5,132,돈까스
0,5,321,다쿠아즈
0,5,70,국
0,5,302,스프
0,5,295,파이
0,5,281,식빵
0,5,0,김밥
0,5,186,샌드위치
0,5,223,샐러드
0,5,8,죽
0,4,163,스틱
0,4,170,치즈스틱
0,3,29,이유식
0,3,30,파스타
0,3,31,라면
0,3,40,쫄면
0,3,56,면
0,3,70,국
0,3,92,순두부찌개
0,3,94,찌개
0,3,100,두부찌개
0,3,4,덮밥
0,3,176,말이
0,4,31,라면
0,4,15,떡
0,4,51,냉면
0,4,134,떡갈비
0,5,151,튀김
0,3,1,떡볶이
0,3,15,떡
0,4,296,카스테라
0,4,301,마늘빵
0,4,319,볼
0,5,15,떡
0,4,288,핫도그
0,5,4,덮밥
0,5,276,케이크
0,5,272,생선까스
0,5,43,짬뽕
0,5,68,탕
0,5,129,탕수육
0,5,147,수육
0,5,284,치즈케이크
0,5,287,스콘
0,5,40,쫄면
0,4,32,비빔국수
0,4,38,잔치국수
0,3,3,주먹밥
0,3,33,만두
0,1,36,국수
0,1,70,국
0,4,158,빙수
0,3,0,김밥
0,3,126,치킨
0,5,36,국수
0,5,260,스크램블에그
0,5,265,스크램블
1,4,5,밥
1,4,88,전골
1,4,133,구이
1,4,51,냉면
1,4,56,면
1,4,90,된장찌개
1,4,94,찌개
1,4,278,빵
1,4,8,죽
1,3,1,떡볶이
1,3,15,떡
1,3,126,치킨
1,5,56,면
1,5,278,빵
1,4,2,볶음밥
1,4,18,새우볶음밥
1,4,43,짬뽕
1,4,68,탕
1,4,129,탕수육
1,4,147,수육
1,3,5,밥
1,3,123,찜
1,4,158,빙수
1,4,165,팥빙수
1,4,290,브레드
1,5,36,국수
1,5,70,국
1,5,127,불고기
1,4,302,스프
1,5,0,김밥
1,5,5,밥
1,5,7,비빔밥
1,5,39,칼국수
1,5,132,돈까스
1,4,0,김밥
1,4,132,돈까스
1,4,3,주먹밥
1,4,36,국수
1,4,70,국
1,4,276,케이크
1,4,287,스콘
1,4,39,칼국수
1,4,32,비빔국수
1,4,284,치즈케이크
1,4,15,떡
1,4,33,만두
1,4,49,우동
1,4,53,비빔만두
1,4,161,라볶이
1,3,278,빵
2,4,56,면
2,5,68,탕
2,5,70,국
2,5,81,감자탕
2,5,126,치킨
2,4,126,치킨
2,4,302,스프
2,4,308,브로콜리스프
2,5,51,냉면
2,5,56,면
2,5,133,구이
2,5,160,강정
2,4,33,만두
2,4,36,국수
2,4,49,우동
2,4,70,국
2,5,276,케이크
2,5,186,샌드위치
2,4,278,빵
2,4,281,식빵
2,5,5,밥
2,5,151,튀김
2,5,168,감자튀김
2,5,288,핫도그
2,5,33,만두
2,5,43,짬뽕
2,5,44,짜장면
2,5,129,탕수육
2,5,147,수육
2,5,36,국수
2,4,4,덮밥
2,4,5,밥
2,4,254,스테이크
2,3,56,면
2,5,1,떡볶이
2,5,15,떡
2,4,184,버거
2,3,5,밥
2,3,70,국
2,5,39,칼국수
2,5,302,스프
2,4,12,초밥
2,4,151,튀김
2,3,33,만두
2,3,71,육개장
2,5,0,김밥
2,5,42,볶음우동
2,5,49,우동
2,5,127,불고기
2,3,186,샌드위치
2,3,277,토스트
2,4,31,라면
2,2,31,라면
2,2,56,면
2,2,172,꼬치
2,4,26,카레
2,5,2,볶음밥
2,5,8,죽
2,5,20,전복죽
2,4,127,불고기
2,4,295,파이
2,5,12,초밥
2,5,278,빵
2,3,278,빵
2,3,287,스콘
2,4,68,탕
2,4,51,냉면
2,5,31,라면
2,4,133,구이
2,5,285,브라우니
2,3,285,브라우니
2,4,123,찜
2,4,0,김밥
2,5,166,새우튀김
2,5,40,쫄면
2,3,1,떡볶이
2,3,15,떡
2,3,151,튀김
2,5,184,버거
2,4,163,스틱
2,4,170,치즈스틱
2,3,36,국수
2,3,133,구이
2,4,40,쫄면
2,4,2,볶음밥
2,5,175,피자
3,5,56,면
3,5,278,빵
3,5,290,브레드
3,5,281,식빵
3,5,300,모닝빵
4,5,133,구이
4,4,70,국
5,5,8,죽
5,5,276,케이크
5,5,43,짬뽕
5,5,278,빵
6,5,70,국
6,5,319,볼
6,5,5,밥
6,5,12,초밥
6,5,56,면
6,5,175,피자
6,5,278,빵
6,5,33,만두
6,5,36,국수
6,5,38,잔치국수
6,5,72,만두국
6,5,186,샌드위치
7,5,175,피자
7,5,319,볼
7,5,5,밥
7,5,12,초밥
7,5,49,우동
7,5,151,튀김
7,5,166,새우튀김
7,5,126,치킨
7,5,90,된장찌개
7,5,94,찌개
7,5,56,면
7,5,133,구이
7,5,206,나물
7,5,2,볶음밥
7,5,36,국수
7,5,39,칼국수
7,5,70,국
7,5,123,찜
7,5,160,강정
8,2,56,면
8,5,36,국수
8,5,56,면
8,5,70,국
9,4,56,면
9,4,278,빵
9,4,281,식빵
9,5,8,죽
9,5,70,국
9,5,51,냉면
9,5,56,면
10,4,278,빵
10,4,141,낙지볶음
10,4,0,김밥
10,4,5,밥
10,4,70,국
10,4,43,짬뽕
10,4,44,짜장면
10,4,56,면
10,4,68,탕
10,4,129,탕수육
10,4,147,수육
10,4,49,우동
10,4,160,강정
10,4,33,만두
10,4,36,국수
10,4,39,칼국수
10,4,52,바지락칼국수
10,4,88,전골
10,4,127,불고기
10,4,133,구이
10,4,132,돈까스
10,4,175,피자
10,4,319,볼
10,4,123,찜
10,4,136,갈비찜
10,4,81,감자탕
10,4,22,꼬마김밥
10,4,72,만두국
10,4,51,냉면
10,4,276,케이크
10,4,1,떡볶이
10,4,15,떡
10,4,19,국물떡볶이
10,4,151,튀김
10,4,254,스테이크
10,4,256,함박스테이크
10,3,5,밥
10,3,9,유부초밥
10,3,12,초밥
10,3,36,국수
10,3,49,우동
10,3,51,냉면
10,3,56,면
10,3,70,국
10,5,51,냉면
10,5,56,면
10,4,12,초밥
10,4,28,밥전
10,4,158,빙수
10,4,165,팥빙수
10,4,223,샐러드
10,3,254,스테이크
10,4,295,파이
10,3,33,만두
10,3,39,칼국수
10,4,31,라면
10,4,69,삼계탕
10,4,184,버거
10,3,160,강정
10,3,190,통닭
10,4,80,닭곰탕
11,5,186,샌드위치
11,5,132,돈까스
11,5,93,부대찌개
11,5,94,찌개
11,5,5,밥
11,5,1,떡볶이
11,5,15,떡
11,5,319,볼
11,5,56,면
11,5,30,파스타
11,5,37,크림파스타
11,5,151,튀김
11,5,168,감자튀김
11,5,184,버거
11,5,276,케이크
11,5,32,비빔국수
11,5,33,만두
11,5,36,국수
11,5,70,국
12,5,0,김밥
12,5,5,밥
12,5,56,면
12,5,51,냉면
12,5,70,국
12,5,91,김치찌개
12,5,94,찌개
12,4,126,치킨
12,5,3,주먹밥
12,5,31,라면
12,5,32,비빔국수
12,5,36,국수
12,4,49,우동
12,4,151,튀김
12,4,166,새우튀김
12,5,278,빵
12,5,290,브레드
12,5,302,스프
12,4,5,밥
12,4,70,국
12,5,184,버거
12,5,319,볼
12,5,277,토스트
12,5,281,식빵
13,4,299,티라미수
13,4,70,국
13,4,5,밥
13,4,124,갈치조림
13,4,133,구이
13,4,90,된장찌개
13,4,94,찌개
13,3,56,면
14,5,278,빵
14,5,175,피자
14,5,30,파스타
14,5,126,치킨
14,5,186,샌드위치
14,5,70,국
14,4,276,케이크
14,4,319,볼
14,3,126,치킨
14,3,33,만두
14,3,51,냉면
14,3,56,면
14,3,276,케이크
14,4,1,떡볶이
14,4,15,떡
14,4,151,튀김
14,4,5,밥
14,4,7,비빔밥
14,4,49,우동
14,3,1,떡볶이
14,3,15,떡
14,3,70,국
14,3,4,덮밥
14,3,5,밥
14,3,254,스테이크
14,3,323,연어
14,4,56,면
15,5,133,구이
15,5,223,샐러드
15,5,254,스테이크
15,5,158,빙수
15,5,276,케이크
15,5,30,파스타
15,5,278,빵
15,5,184,버거
15,1,133,구이
15,1,278,빵
15,4,1,떡볶이
15,4,15,떡
15,4,49,우동
15,5,2,볶음밥
15,5,5,밥
15,5,92,순두부찌개
15,5,94,찌개
15,5,100,두부찌개
15,5,56,면
15,5,160,강정
16,4,33,만두
16,4,36,국수
16,4,39,칼국수
16,4,56,면
16,4,70,국
16,4,176,말이
16,4,67,된장국
16,4,133,구이
16,4,31,라면
17,4,278,빵
17,1,56,면
17,4,56,면
17,4,184,버거
17,5,56,면
17,3,5,밥
17,3,32,비빔국수
17,3,36,국수
17,3,51,냉면
17,3,56,면
17,3,70,국
17,3,132,돈까스
18,5,56,면
18,5,278,빵
18,5,279,머핀
18,5,290,브레드
18,5,0,김밥
18,5,1,떡볶이
18,5,5,밥
18,5,15,떡
18,5,151,튀김
18,5,2,볶음밥
18,5,36,국수
18,5,70,국
18,5,302,스프
18,5,147,수육
18,3,184,버거
18,2,4,덮밥
18,2,5,밥
18,2,49,우동
18,2,132,돈까스
20,5,176,말이
20,5,70,국
20,4,5,밥
20,4,31,라면
20,4,47,비빔면
20,4,56,면
20,4,70,국
20,5,56,면
20,5,133,구이
20,5,5,밥
20,5,12,초밥
21,4,5,밥
21,4,12,초밥
21,4,276,케이크
21,4,284,치즈케이크
21,5,5,밥
21,5,12,초밥
22,5,93,부대찌개
22,5,94,찌개
22,4,158,빙수
22,5,5,밥
22,5,56,면
22,5,90,된장찌개
22,4,56,면
22,4,15,떡
22,4,165,팥빙수
22,4,5,밥
22,4,7,비빔밥
22,4,70,국
22,5,70,국
23,5,70,국
23,5,278,빵
23,5,158,빙수
23,5,165,팥빙수
23,5,56,면
23,5,15,떡
24,3,5,밥
24,3,65,콩나물국
24,3,70,국
24,3,206,나물
24,3,43,짬뽕
24,4,91,김치찌개
24,4,94,찌개
24,3,184,버거
24,3,104,스튜
24,4,126,치킨
24,4,123,찜
24,4,138,찜닭
24,4,70,국
24,4,175,피자
24,5,190,통닭
24,5,70,국
24,4,68,탕
24,4,69,삼계탕
24,3,56,면
24,5,56,면
24,5,126,치킨
24,5,132,돈까스
25,5,30,파스타
25,3,36,국수
25,3,70,국
25,3,132,돈까스
25,5,68,탕
25,3,56,면
25,3,68,탕
25,5,56,면
25,5,88,전골
25,5,94,찌개
25,5,133,구이
25,3,15,떡
25,3,90,된장찌개
25,3,92,순두부찌개
25,3,94,찌개
25,3,100,두부찌개
25,5,5,밥
25,5,7,비빔밥
25,5,36,국수
25,5,39,칼국수
25,5,70,국
25,5,254,스테이크
25,5,256,함박스테이크
25,3,5,밥
25,5,8,죽
25,3,43,짬뽕
25,3,44,짜장면
25,3,7,비빔밥
25,3,33,만두
25,5,132,돈까스
25,4,33,만두
25,4,36,국수
25,4,70,국
25,3,133,구이
25,5,49,우동
25,5,123,찜
25,5,213,계란찜
25,3,278,빵
25,5,12,초밥
25,5,2,볶음밥
25,5,0,김밥
25,5,52,바지락칼국수
25,5,1,떡볶이
25,5,15,떡
25,5,295,파이
25,5,46,까르보나라
25,5,55,오일파스타
25,2,56,면
25,2,68,탕
25,2,129,탕수육
25,2,147,수육
25,3,72,만두국
25,3,254,스테이크
25,3,256,함박스테이크
25,5,44,짜장면
25,5,120,잡채
25,5,129,탕수육
25,5,147,수육
25,5,26,카레
25,3,65,콩나물국
25,3,206,나물
25,3,26,카레
25,3,123,찜
25,5,43,짬뽕
25,3,4,덮밥
25,3,31,라면
25,5,121,제육볶음
25,5,127,불고기
25,5,65,콩나물국
25,5,206,나물
25,5,4,덮밥
26,4,0,김밥
26,4,5,밥
26,4,49,우동
26,4,70,국
26,5,278,빵
26,5,8,죽
27,4,291,마들렌
27,5,56,면
27,5,126,치킨
27,5,132,돈까스
27,4,294,와플
27,4,68,탕
27,5,291,마들렌
27,4,278,빵
27,3,56,면
27,3,223,샐러드
28,5,5,밥
28,5,56,면
28,5,68,탕
28,5,70,국
28,5,198,멸치볶음
28,5,147,수육
28,5,0,김밥
28,5,33,만두
28,5,132,돈까스
28,5,278,빵
28,3,1,떡볶이
28,3,15,떡
28,3,56,면
28,4,56,면
28,5,36,국수
28,5,39,칼국수
28,4,126,치킨
28,4,278,빵
28,5,34,스파게티
28,5,175,피자
28,5,223,샐러드
28,5,254,스테이크
29,4,56,면
29,3,184,버거
29,4,33,만두
29,4,70,국
29,4,72,만두국
29,4,278,빵
29,4,49,우동
29,4,1,떡볶이
29,4,15,떡
29,4,132,돈까스
29,4,31,라면
29,4,133,구이
29,4,319,볼
29,4,36,국수
29,4,39,칼국수
29,4,151,튀김
29,4,2,볶음밥
29,4,5,밥
26,5,36,국수
26,5,56,면
26,5,70,국
26,3,1,떡볶이
26,3,5,밥
26,3,15,떡
26,3,161,라볶이
26,3,176,말이
26,5,319,볼
27,3,10,오므라이스
27,4,287,스콘
27,5,36,국수
27,5,41,콩국수
27,5,70,국
27,3,5,밥
27,3,70,국
27,5,206,나물
28,5,2,볶음밥
28,5,144,닭갈비
28,5,160,강정
28,5,15,떡
28,5,219,우엉조림
28,5,126,치킨
28,5,288,핫도그
28,5,319,볼
29,4,0,김밥
30,4,15,떡
30,4,133,구이
30,5,36,국수
30,5,70,국
30,5,278,빵
30,4,278,빵
30,3,288,핫도그
30,4,281,식빵
30,4,5,밥
30,4,51,냉면
30,4,56,면
30,4,70,국
30,3,36,국수
30,3,39,칼국수
30,3,68,탕
30,3,70,국
30,3,76,꽃게탕
30,4,299,티라미수
31,4,17,리조또
31,4,56,면
31,4,30,파스타
32,5,56,면
33,5,163,스틱
33,5,36,국수
33,5,56,면
33,5,70,국
33,4,2,볶음밥
33,4,5,밥
33,4,123,찜
33,5,323,연어
33,5,68,탕
33,5,278,빵
33,4,33,만두
33,4,36,국수
33,4,49,우동
33,4,56,면
33,4,70,국
33,4,127,불고기
33,5,5,밥
33,5,94,찌개
33,5,90,된장찌개
33,5,126,치킨
33,5,160,강정
33,5,190,통닭
33,5,30,파스타
33,5,157,푸딩
34,5,160,강정
34,5,190,통닭
34,5,70,국
34,5,31,라면
34,5,56,면
34,2,132,돈까스
35,4,5,밥
35,4,7,비빔밥
35,5,36,국수
35,5,39,칼국수
35,5,70,국
35,5,133,구이
35,3,319,볼
36,3,56,면
36,3,176,말이
36,5,5,밥
36,2,0,김밥
36,2,5,밥
36,2,56,면
36,5,70,국
36,5,56,면
36,5,133,구이
36,5,206,나물
37,5,104,스튜
37,3,5,밥
37,3,70,국
37,3,93,부대찌개
37,3,94,찌개
37,4,278,빵
37,4,290,브레드
37,5,51,냉면
37,5,56,면
37,3,33,만두
37,3,56,면
37,5,223,샐러드
37,4,276,케이크
37,5,132,돈까스
37,5,278,빵
37,5,281,식빵
37,4,70,국
37,5,126,치킨
38,5,56,면
38,5,70,국
38,5,71,육개장
38,5,5,밥
38,5,7,비빔밥
38,5,126,치킨
38,5,223,샐러드
38,5,43,짬뽕
38,5,44,짜장면
38,5,68,탕
38,5,129,탕수육
38,5,147,수육
38,5,319,볼
38,5,26,카레
38,5,49,우동
38,5,123,찜
38,5,287,스콘
38,5,254,스테이크
38,4,56,면
38,5,12,초밥
38,5,4,덮밥
38,5,323,연어
39,5,5,밥
39,5,276,케이크
39,5,56,면
39,4,287,스콘
39,4,56,면
39,5,104,스튜
39,4,68,탕
39,4,70,국
39,4,302,스프
40,5,123,찜
40,5,175,피자
40,5,183,또띠아
40,5,283,또띠아피자
40,5,70,국
40,5,5,밥
40,5,43,짬뽕
40,5,56,면
40,4,302,스프
40,4,319,볼
40,5,8,죽
40,5,68,탕
40,1,56,면
41,5,70,국
41,5,290,브레드
41,5,5,밥
41,5,7,비빔밥
41,5,8,죽
42,5,186,샌드위치
42,3,0,김밥
42,3,5,밥
42,3,36,국수
42,3,70,국
42,5,0,김밥
42,5,5,밥
42,5,56,면
42,5,151,튀김
42,4,1,떡볶이
42,4,15,떡
42,5,278,빵
42,5,17,리조또
43,5,56,면
43,4,56,면
43,4,33,만두
43,4,299,티라미수
43,3,126,치킨
43,4,8,죽
43,4,133,구이
43,5,5,밥
43,5,9,유부초밥
43,5,12,초밥
43,5,33,만두
43,5,132,돈까스
43,4,70,국
43,4,163,스틱
43,4,170,치즈스틱
44,4,5,밥
44,4,7,비빔밥
44,4,17,리조또
44,4,223,샐러드
44,4,254,스테이크
44,4,26,카레
44,4,49,우동
44,4,56,면
44,4,70,국
44,5,15,떡
45,4,56,면
45,4,299,티라미수
45,5,0,김밥
45,5,5,밥
45,4,151,튀김
45,4,168,감자튀김
45,5,126,치킨
45,4,126,치킨
45,5,9,유부초밥
45,5,12,초밥
45,5,31,라면
45,5,56,면
45,5,323,연어
45,5,15,떡
45,5,319,볼
45,2,56,면
45,2,126,치킨
45,2,151,튀김
45,2,168,감자튀김
45,4,5,밥
45,4,7,비빔밥
45,4,65,콩나물국
45,4,70,국
45,4,206,나물
45,5,70,국
45,5,279,머핀
45,3,5,밥
45,3,7,비빔밥
45,5,36,국수
45,5,39,칼국수
46,3,1,떡볶이
46,3,15,떡
46,3,24,궁중떡볶이
46,3,133,구이
46,3,141,낙지볶음
46,4,15,떡
46,4,68,탕
46,4,134,떡갈비
46,4,70,국
46,4,278,빵
46,4,319,볼
46,5,56,면
46,5,70,국
46,5,151,튀김
46,5,278,빵
46,5,175,피자
46,5,177,감자피자
46,4,30,파스타
46,4,302,스프
46,4,132,돈까스
46,5,132,돈까스
46,4,81,감자탕
46,4,176,말이
46,4,201,장아찌
46,4,56,면
46,4,126,치킨
46,5,68,탕
46,5,51,냉면
46,5,147,수육
46,5,176,말이
46,5,5,밥
46,4,36,국수
46,4,41,콩국수
46,5,36,국수
46,4,80,닭곰탕
46,4,123,찜
46,4,138,찜닭
47,4,0,김밥
47,4,5,밥
47,5,278,빵
47,5,184,버거
47,5,56,면
47,5,70,국
47,5,5,밥
47,5,12,초밥
48,4,56,면
48,4,147,수육
48,3,56,면
48,3,132,돈까스
48,4,151,튀김
48,4,166,새우튀김
48,4,223,샐러드
48,4,229,연어샐러드
48,4,323,연어
48,3,0,김밥
48,3,5,밥
48,3,36,국수
48,3,39,칼국수
48,3,49,우동
48,3,70,국
49,5,56,면
49,4,276,케이크
49,4,284,치즈케이크
49,5,278,빵
49,4,175,피자
49,5,32,비빔국수
49,5,36,국수
49,5,70,국
49,5,223,샐러드
50,5,132,돈까스
50,5,30,파스타
50,5,55,오일파스타
50,5,175,피자
50,5,56,면
50,5,176,말이
50,4,0,김밥
50,4,5,밥
50,4,40,쫄면
50,4,56,면
50,5,34,스파게티
50,5,127,불고기
50,5,287,스콘
50,5,223,샐러드
50,5,278,빵
50,5,5,밥
50,5,36,국수
50,5,39,칼국수
50,5,70,국
50,5,31,라면
50,4,278,빵
50,4,287,스콘
50,3,3,주먹밥
50,3,5,밥
50,5,15,떡
50,5,93,부대찌개
50,5,94,찌개
50,5,1,떡볶이
50,5,319,볼
24,3,101,청국장
51,5,56,면
51,2,56,면
51,2,158,빙수
51,5,33,만두
51,5,36,국수
51,5,70,국
51,4,5,밥
51,4,175,피자
51,5,126,치킨
51,5,133,구이
51,3,254,스테이크
52,5,93,부대찌개
52,5,94,찌개
52,5,70,국
52,5,0,김밥
52,5,5,밥
52,5,133,구이
53,5,56,면
53,5,133,구이
53,5,295,파이
53,5,36,국수
53,5,70,국
53,5,176,말이
53,5,319,볼
53,2,133,구이
53,4,132,돈까스
53,4,56,면
53,5,265,스크램블
53,5,71,육개장
53,5,299,티라미수
53,5,302,스프
53,5,186,샌드위치
53,5,320,카푸치노
54,3,56,면
54,4,278,빵
54,5,123,찜
54,5,138,찜닭
55,5,70,국
55,5,15,떡
56,4,43,짬뽕
56,4,70,국
56,4,206,나물
56,3,8,죽
56,3,43,짬뽕
56,3,56,면
56,3,70,국
56,4,56,면
56,4,126,치킨
56,4,151,튀김
56,3,15,떡
56,4,319,볼
56,5,36,국수
56,5,39,칼국수
56,5,40,쫄면
56,5,56,면
56,5,70,국
56,4,127,불고기
56,4,33,만두
56,4,133,구이
56,4,144,닭갈비
56,4,31,라면
56,4,35,수제비
56,4,44,짜장면
56,4,1,떡볶이
56,4,15,떡
56,5,33,만두
56,2,4,덮밥
56,2,5,밥
56,5,278,빵
56,4,36,국수
57,4,319,볼
57,5,56,면
57,5,70,국
57,5,60,닭볶음탕
57,5,68,탕
57,5,81,감자탕
58,3,56,면
58,4,302,스프
58,5,56,면
58,5,68,탕
58,5,70,국
58,5,81,감자탕
58,5,82,감자국
58,4,70,국
59,1,70,국
59,1,127,불고기
59,2,133,구이
59,4,4,덮밥
59,4,5,밥
59,4,56,면
59,4,70,국
59,4,133,구이
59,4,2,볶음밥
59,4,132,돈까스
59,2,70,국
59,2,176,말이
59,2,197,계란말이
59,3,276,케이크
59,5,31,라면
59,5,56,면
59,5,70,국
59,5,323,연어
60,5,8,죽
60,5,5,밥
60,5,70,국
60,5,127,불고기
60,5,278,빵
60,5,49,우동
61,5,36,국수
61,5,41,콩국수
61,5,56,면
61,5,70,국
61,5,5,밥
61,5,68,탕
61,5,81,감자탕
61,5,184,버거
61,5,2,볶음밥
61,5,6,김치볶음밥
61,5,92,순두부찌개
61,5,94,찌개
61,5,100,두부찌개
61,5,31,라면
61,5,158,빙수
61,5,51,냉면
61,5,123,찜
61,5,138,찜닭
61,5,319,볼
61,4,43,짬뽕
61,4,70,국
61,5,33,만두
61,5,44,짜장면
61,5,129,탕수육
61,5,147,수육
61,5,278,빵
61,5,186,샌드위치
61,5,277,토스트
61,5,0,김밥
62,4,36,국수
62,4,70,국
62,3,56,면
62,3,302,스프
62,3,278,빵
62,5,133,구이
62,4,0,김밥
62,4,5,밥
62,4,1,떡볶이
62,4,15,떡
62,5,302,스프
62,3,15,떡
62,3,292,호떡
62,4,175,피자
63,5,56,면
63,5,208,피클
63,4,56,면
63,4,302,스프
64,5,126,치킨
64,5,319,볼
64,4,1,떡볶이
64,4,15,떡
64,4,70,국
64,2,8,죽
64,5,51,냉면
64,5,56,면
64,4,278,빵
64,2,184,버거
64,3,8,죽
64,3,319,볼
64,3,163,스틱
64,3,170,치즈스틱
64,4,34,스파게티
65,5,17,리조또
65,5,132,돈까스
65,5,56,면
65,5,184,버거
65,5,5,밥
65,5,123,찜
65,5,206,나물
65,4,36,국수
65,4,70,국
66,4,56,면
66,4,158,빙수
66,4,165,팥빙수
66,5,56,면
66,5,319,볼
66,4,126,치킨
66,4,8,죽
66,4,175,피자
66,4,223,샐러드
66,4,68,탕
66,5,133,구이
66,4,0,김밥
66,4,5,밥
66,4,70,국
67,5,56,면
67,4,36,국수
67,4,70,국
67,4,56,면
67,4,68,탕
67,4,278,빵
67,3,5,밥
67,3,70,국
67,3,206,나물
67,3,120,잡채
67,3,133,구이
67,5,5,밥
67,5,15,떡
67,5,134,떡갈비
67,4,302,스프
67,4,43,짬뽕
67,4,44,짜장면
67,5,36,국수
67,5,39,칼국수
67,5,70,국
67,5,278,빵
67,4,299,티라미수
67,2,51,냉면
67,2,56,면
67,2,147,수육
67,5,35,수제비
67,5,68,탕
68,5,2,볶음밥
68,5,5,밥
68,5,184,버거
68,4,70,국
68,4,94,찌개
68,4,101,청국장
68,4,109,비지찌개
68,5,56,면
68,5,43,짬뽕
68,4,5,밥
68,4,175,피자
68,4,56,면
68,4,176,말이
69,4,49,우동
69,4,56,면
69,5,36,국수
69,5,70,국
69,3,132,돈까스
69,3,302,스프
69,5,184,버거
69,5,5,밥
69,5,12,초밥
69,5,43,짬뽕
69,5,68,탕
69,5,129,탕수육
69,5,147,수육
69,5,151,튀김
69,4,1,떡볶이
69,4,5,밥
69,4,15,떡
69,4,151,튀김
69,4,70,국
69,4,195,두부조림
69,3,218,동그랑땡
69,5,56,면
69,5,93,부대찌개
69,5,94,찌개
69,4,7,비빔밥
69,4,8,죽
69,4,43,짬뽕
70,4,290,브레드
70,4,287,스콘
70,4,299,티라미수
70,4,278,빵
70,4,223,샐러드
70,4,68,탕
70,4,175,피자
70,4,182,그라탕
70,3,278,빵
70,3,4,덮밥
70,3,5,밥
70,3,26,카레
70,5,223,샐러드
70,4,258,라자냐
70,4,132,돈까스
70,4,151,튀김
70,4,166,새우튀김
71,5,5,밥
71,5,31,라면
71,5,56,면
71,5,93,부대찌개
71,5,94,찌개
71,4,70,국
71,5,288,핫도그
71,5,68,탕
71,5,70,국
71,5,147,수육
71,5,133,구이
72,4,36,국수
72,4,56,면
72,4,70,국
72,4,151,튀김
72,4,168,감자튀김
72,4,184,버거
72,1,1,떡볶이
72,1,15,떡
72,1,151,튀김
73,5,56,면
73,5,68,탕
73,5,70,국
73,5,278,빵
73,5,5,밥
73,5,49,우동
73,4,31,라면
73,4,36,국수
73,4,56,면
73,4,70,국
73,5,175,피자
73,5,31,라면
73,5,295,파이
73,5,287,스콘
73,5,184,버거
73,5,208,피클
73,5,2,볶음밥
73,5,15,떡
73,5,36,국수
73,5,144,닭갈비
73,5,123,찜
73,5,138,찜닭
74,5,51,냉면
74,5,56,면
74,5,68,탕
74,5,87,갈비탕
74,5,15,떡
74,5,70,국
74,5,276,케이크
74,4,70,국
74,5,278,빵
74,5,319,볼
74,5,1,떡볶이
74,5,5,밥
74,5,33,만두
75,4,70,국
75,4,5,밥
75,4,143,코다리조림
75,4,56,면
75,4,68,탕
75,4,75,오이냉국
75,4,123,찜
75,4,141,낙지볶음
75,4,213,계란찜
75,3,33,만두
75,3,51,냉면
75,3,56,면
75,4,163,스틱
75,3,68,탕
75,3,70,국
75,3,81,감자탕
75,4,30,파스타
75,3,30,파스타
75,3,175,피자
75,4,69,삼계탕
75,4,4,덮밥
75,4,208,피클
76,5,5,밥
76,5,14,쌈밥
76,5,184,버거
20,5,7,비빔밥
77,5,127,불고기
77,5,133,구이
77,4,278,빵
77,4,290,브레드
77,5,70,국
77,5,56,면
77,3,88,전골
77,5,319,볼
77,4,126,치킨
78,5,36,국수
78,5,51,냉면
78,5,56,면
78,5,68,탕
78,5,69,삼계탕
78,5,70,국
78,5,30,파스타
78,5,223,샐러드
78,5,241,콥샐러드
78,5,243,카프레제
78,5,277,토스트
79,5,70,국
79,5,56,면
79,5,68,탕
79,4,223,샐러드
79,5,2,볶음밥
79,5,5,밥
79,5,206,나물
79,5,26,카레
79,5,176,말이
79,4,36,국수
79,4,39,칼국수
79,4,70,국
80,5,56,면
80,5,133,구이
81,5,51,냉면
81,5,56,면
81,5,88,전골
81,5,127,불고기
81,5,5,밥
81,5,70,국
81,5,206,나물
81,4,5,밥
81,4,70,국
81,3,94,찌개
81,5,278,빵
81,5,301,마늘빵
81,1,56,면
81,5,184,버거
9,5,33,만두
9,5,36,국수
82,5,56,면
82,5,276,케이크
82,5,278,빵
82,5,5,밥
82,5,70,국
82,5,123,찜
82,5,136,갈비찜
83,4,5,밥
83,4,186,샌드위치
83,4,223,샐러드
83,5,36,국수
83,5,70,국
83,5,184,버거
83,3,5,밥
83,3,175,피자
83,5,123,찜
83,5,5,밥
83,5,12,초밥
83,5,133,구이
23,4,276,케이크
23,4,284,치즈케이크
23,5,184,버거
84,4,278,빵
84,5,62,미역국
84,5,70,국
84,4,31,라면
84,4,49,우동
84,4,56,면
84,4,94,찌개
85,5,56,면
85,5,319,볼
85,5,5,밥
85,5,7,비빔밥
85,5,70,국
85,5,15,떡
85,5,132,돈까스
85,5,36,국수
85,5,68,탕
85,5,69,삼계탕
85,5,158,빙수
86,3,70,국
86,3,68,탕
86,2,36,국수
86,2,70,국
86,4,70,국
86,3,0,김밥
86,3,5,밥
87,5,56,면
87,5,276,케이크
87,5,278,빵
87,4,36,국수
87,4,38,잔치국수
87,4,70,국
88,5,1,떡볶이
88,5,15,떡
88,4,43,짬뽕
88,4,56,면
88,4,278,빵
88,4,70,국
88,5,56,면
88,4,175,피자
89,5,60,닭볶음탕
89,5,68,탕
89,5,186,샌드위치
89,5,2,볶음밥
89,5,5,밥
89,5,70,국
89,4,5,밥
89,4,70,국
89,5,56,면
89,4,0,김밥
89,4,22,꼬마김밥
89,4,56,면
89,5,43,짬뽕
89,5,129,탕수육
89,5,147,수육
89,4,68,탕
89,3,5,밥
89,3,70,국
89,3,147,수육
90,5,133,구이
90,5,5,밥
90,4,158,빙수
90,5,157,푸딩
90,5,151,튀김
90,5,90,된장찌개
90,5,94,찌개
90,5,2,볶음밥
90,5,68,탕
90,5,81,감자탕
90,5,8,죽
90,5,56,면
90,5,70,국
90,5,126,치킨
90,5,132,돈까스
91,4,5,밥
91,4,70,국
91,4,278,빵
91,4,91,김치찌개
91,4,94,찌개
91,4,127,불고기
91,4,36,국수
91,4,39,칼국수
91,4,132,돈까스
91,4,56,면
91,4,90,된장찌개
91,4,121,제육볶음
91,4,176,말이
91,4,197,계란말이
91,3,68,탕
91,3,56,면
91,1,36,국수
91,1,70,국
91,5,70,국
92,4,132,돈까스
92,5,36,국수
92,5,39,칼국수
92,5,70,국
92,5,123,찜
92,4,33,만두
92,4,56,면
92,4,278,빵
92,3,132,돈까스
92,4,158,빙수
92,5,56,면
92,4,68,탕
92,3,2,볶음밥
92,3,5,밥
92,3,31,라면
92,3,56,면
92,5,5,밥
92,5,126,치킨
92,5,190,통닭
92,4,319,볼
17,5,127,불고기
17,5,151,튀김
17,5,168,감자튀김
17,5,184,버거
17,4,36,국수
17,4,68,탕
17,4,70,국
17,5,4,덮밥
17,5,5,밥
17,5,36,국수
17,5,39,칼국수
17,5,70,국
17,5,2,볶음밥
17,5,15,떡
17,5,176,말이
17,4,133,구이
93,3,31,라면
93,3,56,면
93,2,5,밥
93,2,56,면
93,5,176,말이
93,4,104,스튜
93,4,5,밥
93,3,123,찜
93,3,138,찜닭
93,5,5,밥
93,5,56,면
93,5,319,볼
94,5,5,밥
94,5,12,초밥
94,4,5,밥
94,5,49,우동
94,5,56,면
94,5,68,탕
94,5,93,부대찌개
94,5,94,찌개
94,4,56,면
95,5,126,치킨
95,5,160,강정
95,5,190,통닭
95,4,26,카레
95,4,56,면
95,4,49,우동
95,4,323,연어
95,4,1,떡볶이
95,4,15,떡
95,4,36,국수
95,4,70,국
96,4,31,라면
96,4,56,면
96,4,302,스프
96,4,319,볼
97,5,133,구이
97,5,123,찜
97,5,254,스테이크
97,5,5,밥
97,5,56,면
97,5,15,떡
97,5,319,볼
97,5,104,스튜
98,4,56,면
98,4,278,빵
98,4,184,버거
98,5,56,면
98,5,323,연어
98,4,5,밥
98,4,31,라면
99,5,302,스프
99,5,68,탕
99,4,70,국
99,4,141,낙지볶음
99,4,175,피자
99,5,30,파스타
99,5,37,크림파스타
99,5,132,돈까스
99,5,278,빵
99,5,56,면
99,5,70,국
99,5,295,파이
99,5,101,청국장
100,4,278,빵
100,4,36,국수
100,4,70,국
100,4,5,밥
100,4,15,떡
100,4,66,떡국
100,4,132,돈까스
100,3,319,볼
100,4,186,샌드위치
100,4,223,샐러드
100,3,5,밥
100,3,70,국
100,4,319,볼
100,4,57,알리오올리오
100,4,258,라자냐
100,4,288,핫도그
100,3,56,면
100,3,35,수제비
101,5,36,국수
101,5,38,잔치국수
101,5,70,국
101,5,133,구이
101,5,278,빵
101,3,31,라면
101,3,56,면
101,3,93,부대찌개
101,3,94,찌개
101,4,133,구이
101,4,1,떡볶이
101,4,15,떡
101,4,56,면
101,4,93,부대찌개
101,4,94,찌개
101,2,36,국수
101,2,56,면
101,2,70,국
101,4,278,빵
101,4,2,볶음밥
101,4,5,밥
101,3,68,탕
101,3,69,삼계탕
101,4,175,피자
102,4,278,빵
102,4,2,볶음밥
102,4,5,밥
102,3,51,냉면
102,3,56,면
102,5,56,면
102,4,30,파스타
102,4,43,짬뽕
102,4,55,오일파스타
102,4,56,면
102,4,151,튀김
102,4,176,말이
102,4,319,볼
102,4,31,라면
102,3,278,빵
102,4,175,피자
102,4,277,토스트
102,4,94,찌개
102,4,206,나물
102,5,94,찌개
102,5,96,고추장찌개
102,5,133,구이
103,3,70,국
103,4,276,케이크
103,4,5,밥
103,4,7,비빔밥
103,4,206,나물
103,4,223,샐러드
103,4,70,국
103,4,186,샌드위치
103,3,278,빵
104,3,43,짬뽕
104,4,70,국
104,4,29,이유식
104,4,176,말이
104,5,56,면
104,5,123,찜
105,4,56,면
105,5,70,국
105,3,51,냉면
105,3,56,면
105,4,68,탕
105,4,81,감자탕
105,4,70,국
106,3,158,빙수
106,3,121,제육볶음
106,5,56,면
106,5,287,스콘
106,5,91,김치찌개
106,5,94,찌개
106,5,133,구이
106,5,15,떡
106,5,70,국
106,4,158,빙수
106,5,1,떡볶이
106,5,33,만두
106,3,56,면
106,3,68,탕
106,4,8,죽
106,4,56,면
106,4,70,국
106,4,186,샌드위치
106,4,127,불고기
106,4,172,꼬치
106,4,15,떡
106,3,36,국수
106,3,70,국
106,4,126,치킨
106,5,5,밥
106,5,31,라면
106,5,68,탕
107,5,56,면
107,5,70,국
107,5,172,꼬치
107,5,5,밥
107,5,126,치킨
107,5,133,구이
107,4,56,면
107,4,88,전골
107,4,152,김치전
107,5,0,김밥
107,5,294,와플
108,5,36,국수
108,5,56,면
108,5,70,국
108,5,144,닭갈비
108,5,33,만두
108,3,151,튀김
108,4,278,빵
108,4,323,연어
108,4,287,스콘
108,5,2,볶음밥
108,5,5,밥
109,5,36,국수
109,5,56,면
109,5,70,국
109,5,5,밥
109,3,56,면
109,3,184,버거
109,5,68,탕
109,5,133,구이
109,5,123,찜
109,5,1,떡볶이
109,5,15,떡
109,1,31,라면
109,1,36,국수
109,1,39,칼국수
109,1,56,면
109,1,70,국
109,1,133,구이
109,4,36,국수
109,4,39,칼국수
109,4,70,국
109,5,7,비빔밥
109,5,186,샌드위치
109,5,278,빵
109,3,70,국
109,5,30,파스타
109,5,175,피자
109,4,5,밥
109,4,12,초밥
109,4,56,면
109,5,81,감자탕
109,5,51,냉면
109,5,91,김치찌개
109,5,94,찌개
110,4,151,튀김
110,5,278,빵
110,5,56,면
110,5,301,마늘빵
111,4,36,국수
111,4,70,국
111,5,68,탕
111,5,43,짬뽕
111,4,30,파스타
111,4,175,피자
111,5,33,만두
111,5,36,국수
111,5,39,칼국수
111,5,70,국
111,3,36,국수
111,3,70,국
111,3,144,닭갈비
111,5,30,파스타
111,5,46,까르보나라
111,5,175,피자
111,5,182,그라탕
111,4,2,볶음밥
111,4,5,밥
111,4,56,면
111,4,132,돈까스
111,4,278,빵
111,5,90,된장찌개
111,5,94,찌개
111,5,133,구이
111,5,319,볼
112,3,2,볶음밥
112,3,5,밥
112,3,6,김치볶음밥
112,3,56,면
112,3,295,파이
112,5,5,밥
112,5,70,국
112,3,26,카레
112,4,278,빵
112,4,56,면
112,4,295,파이
112,4,17,리조또
112,4,30,파스타
112,4,175,피자
112,5,56,면
112,5,184,버거
112,4,88,전골
112,4,1,떡볶이
112,4,15,떡
112,4,151,튀김
113,4,56,면
113,4,302,스프
113,5,30,파스타
113,5,56,면
113,4,184,버거
113,5,5,밥
114,5,68,탕
114,5,87,갈비탕
114,5,36,국수
114,5,70,국
114,4,172,꼬치
114,4,190,통닭
114,5,172,꼬치
114,4,132,돈까스
114,5,39,칼국수
114,3,26,카레
114,3,49,우동
114,4,5,밥
114,4,7,비빔밥
115,5,5,밥
115,5,7,비빔밥
115,5,206,나물
115,5,104,스튜
115,5,278,빵
115,5,94,찌개
115,5,126,치킨
115,5,184,버거
115,5,12,초밥
115,4,5,밥
116,4,5,밥
116,4,65,콩나물국
116,4,70,국
116,4,206,나물
116,5,56,면
116,5,278,빵
116,4,15,떡
116,4,158,빙수
116,5,5,밥
116,5,68,탕
116,5,36,국수
116,5,41,콩국수
116,5,70,국
116,5,206,나물
116,5,129,탕수육
116,5,147,수육
116,4,56,면
117,4,70,국
117,4,184,버거
117,5,5,밥
117,5,56,면
117,5,323,연어
117,4,151,튀김
117,5,70,국
117,5,94,찌개
117,5,101,청국장
117,5,109,비지찌개
117,5,206,나물
117,4,132,돈까스
117,5,126,치킨
117,5,151,튀김
117,5,168,감자튀김
117,5,184,버거
117,4,33,만두
117,4,56,면
117,4,278,빵
117,5,158,빙수
117,5,4,덮밥
117,5,254,스테이크
117,5,33,만두
117,5,35,수제비
117,5,36,국수
117,5,39,칼국수
117,4,68,탕
117,4,87,갈비탕
117,4,123,찜
117,4,136,갈비찜
117,4,36,국수
117,4,302,스프
117,5,278,빵
117,5,2,볶음밥
117,5,8,죽
117,5,319,볼
118,5,5,밥
118,5,7,비빔밥
118,5,206,나물
118,5,223,샐러드
118,4,70,국
118,5,278,빵
118,5,123,찜
118,5,143,코다리조림
118,4,5,밥
118,4,132,돈까스
118,5,138,찜닭
118,5,295,파이
118,4,101,청국장
118,4,150,감자전
119,5,295,파이
119,4,4,덮밥
119,4,5,밥
119,4,36,국수
119,4,56,면
119,4,70,국
119,5,278,빵
119,5,133,구이
120,4,56,면
120,4,278,빵
120,5,56,면
120,5,287,스콘
120,5,30,파스타
120,5,278,빵
120,4,70,국
120,4,88,전골
120,4,254,스테이크
120,5,132,돈까스
121,4,5,밥
121,4,123,찜
121,4,138,찜닭
121,2,4,덮밥
121,2,5,밥
121,2,31,라면
121,2,43,짬뽕
121,2,56,면
121,2,70,국
121,2,140,마파두부
121,4,36,국수
121,4,51,냉면
121,4,56,면
121,4,70,국
121,4,1,떡볶이
121,4,15,떡
121,4,31,라면
121,3,36,국수
121,3,56,면
121,3,70,국
121,5,36,국수
121,5,56,면
121,5,70,국
121,3,49,우동
121,3,51,냉면
121,3,132,돈까스
121,3,319,볼
121,3,4,덮밥
121,3,5,밥
121,3,323,연어
121,3,169,오꼬노미야끼
121,4,43,짬뽕
121,4,44,짜장면
121,4,68,탕
121,4,129,탕수육
121,4,147,수육
121,5,43,짬뽕
121,3,276,케이크
121,3,294,와플
121,4,32,비빔국수
121,4,319,볼
121,4,30,파스타
121,4,254,스테이크
122,4,126,치킨
122,5,176,말이
122,5,34,스파게티
122,5,175,피자
122,5,254,스테이크
122,5,56,면
122,5,70,국
122,5,323,연어
122,5,33,만두
122,5,36,국수
122,5,39,칼국수
122,5,144,닭갈비
122,3,51,냉면
122,3,56,면
122,3,1,떡볶이
122,3,15,떡
122,3,175,피자
122,3,104,스튜
122,3,133,구이
122,3,90,된장찌개
122,3,94,찌개
122,3,43,짬뽕
123,5,126,치킨
123,5,151,튀김
124,5,254,스테이크
124,5,278,빵
124,3,30,파스타
124,4,254,스테이크
124,5,56,면
124,5,94,찌개
124,4,70,국
124,5,159,젤리
124,4,56,면
125,4,126,치킨
125,1,0,김밥
125,1,5,밥
125,4,299,티라미수
125,2,56,면
125,2,323,연어
125,3,5,밥
125,3,7,비빔밥
126,4,5,밥
126,3,56,면
126,3,68,탕
126,4,0,김밥
126,4,56,면
126,4,161,라볶이
126,4,295,파이
127,4,56,면
127,3,175,피자
127,3,254,스테이크
127,3,70,국
128,5,184,버거
128,5,0,김밥
128,5,5,밥
128,5,68,탕
128,5,288,핫도그
128,5,133,구이
128,5,56,면
129,5,223,샐러드
129,5,278,빵
129,5,56,면
129,5,49,우동
129,5,132,돈까스
129,5,36,국수
129,5,70,국
129,5,184,버거
129,5,319,볼
129,5,276,케이크
129,5,51,냉면
130,5,56,면
130,5,5,밥
130,5,68,탕
130,5,70,국
130,5,179,팬케이크
130,5,276,케이크
130,5,302,스프
131,5,31,라면
131,5,56,면
131,5,133,구이
131,5,104,스튜
131,5,1,떡볶이
131,5,15,떡
131,5,126,치킨
131,5,5,밥
131,5,291,마들렌
132,5,56,면
132,5,278,빵
132,5,8,죽
133,5,56,면
133,5,68,탕
133,5,91,김치찌개
133,5,94,찌개
133,4,5,밥
133,4,12,초밥
133,4,132,돈까스
133,5,0,김밥
133,5,5,밥
133,5,277,토스트
133,4,68,탕
133,5,223,샐러드
133,1,56,면
133,1,126,치킨
133,5,226,닭가슴살샐러드
134,5,133,구이
134,5,320,카푸치노
134,5,186,샌드위치
134,5,278,빵
134,5,302,스프
134,5,2,볶음밥
134,5,5,밥
134,5,43,짬뽕
134,5,56,면
134,5,70,국
134,5,36,국수
134,5,68,탕
135,5,36,국수
135,5,56,면
135,5,70,국
135,4,5,밥
135,4,56,면
135,4,70,국
136,4,43,짬뽕
136,5,56,면
136,5,2,볶음밥
136,5,5,밥
136,4,36,국수
136,4,39,칼국수
136,4,56,면
136,4,70,국
136,4,223,샐러드
136,4,1,떡볶이
136,4,15,떡
136,5,33,만두
136,5,68,탕
136,5,151,튀김
136,5,172,꼬치
136,5,278,빵
136,4,33,만두
136,4,292,호떡
136,4,68,탕
136,4,123,찜
136,4,163,스틱
136,4,288,핫도그
136,5,206,나물
137,5,70,국
137,5,278,빵
137,5,49,우동
137,5,132,돈까스
137,5,56,면
137,5,276,케이크
137,5,17,리조또
137,5,30,파스타
137,5,55,오일파스타
137,5,175,피자
137,5,281,식빵
137,5,5,밥
137,5,8,죽
137,5,0,김밥
137,5,1,떡볶이
137,5,15,떡
137,5,40,쫄면
137,5,254,스테이크
137,5,256,함박스테이크
137,5,2,볶음밥
138,4,175,피자
138,4,276,케이크
138,4,287,스콘
138,4,70,국
138,4,184,버거
138,5,158,빙수
138,3,126,치킨
138,5,56,면
3,5,33,만두
3,5,5,밥
3,5,12,초밥
3,5,70,국
139,5,8,죽
139,5,49,우동
139,5,132,돈까스
139,4,33,만두
139,4,70,국
139,2,36,국수
139,2,70,국
139,5,56,면
139,5,126,치킨
139,5,151,튀김
139,5,160,강정
139,5,190,통닭
139,5,276,케이크
139,4,278,빵
139,5,0,김밥
139,5,5,밥
139,4,5,밥
139,4,49,우동
139,5,70,국
140,5,33,만두
140,5,126,치킨
140,5,5,밥
140,5,36,국수
140,5,39,칼국수
140,5,56,면
140,5,70,국
140,5,319,볼
140,4,276,케이크
140,4,184,버거
140,4,319,볼
140,4,56,면
140,5,1,떡볶이
140,5,15,떡
140,5,276,케이크
140,4,43,짬뽕
140,5,267,라따뚜이
140,3,49,우동
140,4,175,피자
140,4,278,빵
141,2,15,떡
141,4,278,빵
141,4,301,마늘빵
141,5,276,케이크
141,4,5,밥
141,4,14,쌈밥
141,3,1,떡볶이
141,3,15,떡
141,3,56,면
141,3,70,국
141,3,151,튀김
141,3,168,감자튀김
141,3,31,라면
141,4,15,떡
141,4,319,볼
142,5,56,면
142,5,68,탕
142,4,68,탕
142,4,123,찜
142,4,158,빙수
142,4,56,면
142,4,175,피자
142,4,8,죽
142,4,0,김밥
142,4,5,밥
142,3,141,낙지볶음
143,4,5,밥
143,4,70,국
143,3,70,국
143,3,5,밥
143,3,7,비빔밥
143,3,56,면
144,5,5,밥
144,5,123,찜
144,5,56,면
144,5,68,탕
144,5,70,국
144,5,30,파스타
144,5,132,돈까스
144,5,223,샐러드
144,5,254,스테이크
144,5,186,샌드위치
144,3,123,찜
144,3,278,빵
144,4,68,탕
144,5,35,수제비
144,5,36,국수
144,5,39,칼국수
145,5,56,면
145,5,186,샌드위치
145,5,132,돈까스
145,4,132,돈까스
145,4,184,버거
145,5,15,떡
145,4,0,김밥
145,4,5,밥
145,4,70,국
145,4,2,볶음밥
145,4,30,파스타
145,4,56,면
145,4,243,카프레제
145,3,4,덮밥
145,3,5,밥
145,3,43,짬뽕
145,3,68,탕
145,3,70,국
145,3,129,탕수육
145,3,147,수육
146,4,5,밥
146,4,206,나물
146,4,56,면
146,4,278,빵
146,2,56,면
146,5,56,면
147,3,127,불고기
147,5,5,밥
147,5,12,초밥
147,5,56,면
147,5,70,국
147,5,101,청국장
147,5,127,불고기
147,5,302,스프
147,3,185,브리또
147,5,91,김치찌개
147,5,94,찌개
147,1,1,떡볶이
147,1,15,떡
147,1,151,튀김
147,3,51,냉면
147,3,56,면
147,3,43,짬뽕
147,3,68,탕
147,3,129,탕수육
147,3,147,수육
147,5,33,만두
147,5,36,국수
147,5,39,칼국수
148,4,5,밥
148,4,70,국
148,4,68,탕
148,5,33,만두
148,4,56,면
148,5,279,머핀
148,5,70,국
149,4,70,국
149,4,33,만두
149,4,36,국수
149,4,39,칼국수
149,4,223,샐러드
149,3,68,탕
149,3,129,탕수육
149,3,147,수육
150,4,56,면
150,4,276,케이크
150,5,70,국
150,5,56,면
150,5,175,피자
151,4,56,면
151,5,33,만두
151,5,36,국수
151,5,39,칼국수
151,5,52,바지락칼국수
151,5,70,국
151,3,70,국
151,5,1,떡볶이
151,5,15,떡
151,5,126,치킨
151,3,5,밥
151,3,65,콩나물국
151,3,132,돈까스
151,3,151,튀김
151,3,206,나물
151,5,43,짬뽕
151,5,68,탕
151,5,129,탕수육
151,5,147,수육
151,5,32,비빔국수
151,4,144,닭갈비
151,4,31,라면
151,4,68,탕
151,5,133,구이
152,3,163,스틱
152,3,170,치즈스틱
152,3,184,버거
152,4,31,라면
152,4,56,면
152,4,151,튀김
152,4,278,빵
152,4,126,치킨
152,4,175,피자
152,4,70,국
152,4,294,와플
152,3,295,파이
152,4,0,김밥
152,4,1,떡볶이
152,4,5,밥
152,4,15,떡
152,4,19,국물떡볶이
152,4,161,라볶이
152,4,36,국수
152,4,127,불고기
152,4,184,버거
152,3,70,국
153,4,133,구이
153,4,56,면
153,4,278,빵
153,3,4,덮밥
153,3,5,밥
153,5,43,짬뽕
153,5,44,짜장면
153,5,56,면
153,3,70,국
153,3,91,김치찌개
153,3,94,찌개
153,5,5,밥
153,5,70,국
153,4,68,탕
153,4,81,감자탕
153,1,31,라면
153,1,56,면
153,1,206,나물
153,5,68,탕
153,5,81,감자탕
153,5,0,김밥
154,5,56,면
154,5,70,국
154,5,123,찜
154,5,278,빵
154,5,0,김밥
154,5,5,밥
154,4,70,국
154,4,123,찜
7,5,138,찜닭
7,5,9,유부초밥
7,5,31,라면
7,5,295,파이
7,5,8,죽
7,5,42,볶음우동
7,5,172,꼬치
7,5,174,닭꼬치
7,5,323,연어
7,5,147,수육
7,5,1,떡볶이
7,5,15,떡
7,5,168,감자튀김
7,4,56,면
7,5,144,닭갈비
155,4,70,국
155,3,31,라면
155,3,56,면
155,3,70,국
155,3,127,불고기
155,3,184,버거
155,5,33,만두
155,5,70,국
155,5,72,만두국
155,3,33,만두
155,3,36,국수
155,3,41,콩국수
155,5,5,밥
155,2,56,면
155,2,163,스틱
155,2,70,국
155,3,71,육개장
155,3,86,닭개장
155,4,36,국수
155,4,56,면
155,3,278,빵
155,3,281,식빵
155,4,278,빵
155,4,281,식빵
156,5,5,밥
156,5,36,국수
156,5,39,칼국수
156,5,70,국
156,3,70,국
156,5,0,김밥
156,4,5,밥
156,4,65,콩나물국
156,4,70,국
156,4,206,나물
156,4,56,면
156,4,184,버거
156,3,32,비빔국수
156,3,36,국수
156,3,56,면
156,4,0,김밥
156,5,56,면
156,3,0,김밥
156,3,5,밥
156,4,88,전골
156,4,91,김치찌개
156,4,94,찌개
156,5,319,볼
156,5,123,찜
156,5,138,찜닭
156,4,68,탕
156,4,69,삼계탕
156,5,30,파스타
157,3,8,죽
157,3,36,국수
157,3,68,탕
157,3,70,국
157,4,36,국수
157,4,56,면
157,4,70,국
157,4,319,볼
157,4,151,튀김
157,4,168,감자튀김
157,4,160,강정
157,4,123,찜
157,4,138,찜닭
157,4,278,빵
157,4,281,식빵
157,4,133,구이
157,4,184,버거
157,5,36,국수
157,5,56,면
157,5,70,국
157,5,147,수육
157,4,4,덮밥
157,4,5,밥
157,4,188,칠리새우
157,3,44,짜장면
157,3,49,우동
157,3,56,면
157,4,49,우동
157,3,0,김밥
157,3,5,밥
157,3,1,떡볶이
157,3,15,떡
157,5,294,와플
158,4,31,라면
158,4,56,면
158,5,2,볶음밥
158,5,5,밥
158,5,31,라면
158,5,56,면
158,5,91,김치찌개
158,5,94,찌개
158,5,108,짜글이
158,4,144,닭갈비
158,5,68,탕
158,5,81,감자탕
158,4,5,밥
159,5,190,통닭
159,5,51,냉면
159,5,56,면
159,5,184,버거
159,5,126,치킨
159,5,158,빙수
159,5,186,샌드위치
159,5,319,볼
159,5,33,만두
159,5,291,마들렌
159,5,70,국
160,4,33,만두
160,4,36,국수
160,4,43,짬뽕
160,4,56,면
160,4,70,국
160,4,223,샐러드
160,1,5,밥
160,1,70,국
160,1,71,육개장
160,1,90,된장찌개
160,1,94,찌개
160,5,158,빙수
160,5,287,스콘
160,5,186,샌드위치
160,5,223,샐러드
160,5,30,파스타
160,5,56,면
160,5,5,밥
160,5,70,국
160,5,94,찌개
160,5,2,볶음밥
160,5,175,피자
160,5,36,국수
160,5,39,칼국수
160,5,41,콩국수
160,5,277,토스트
160,5,33,만두
160,5,68,탕
160,5,129,탕수육
160,5,147,수육
160,4,49,우동
161,3,70,국
161,2,70,국
161,5,277,토스트
161,5,278,빵
161,5,8,죽
133,5,133,구이
133,3,56,면
133,4,56,면
133,3,276,케이크
133,5,108,짜글이
133,3,70,국
133,5,126,치킨
133,4,190,통닭
133,5,70,국
133,3,33,만두
133,3,49,우동
133,3,53,비빔만두
162,3,5,밥
162,3,12,초밥
162,3,56,면
162,3,70,국
162,5,4,덮밥
162,5,5,밥
162,5,26,카레
162,5,132,돈까스
162,5,56,면
162,5,319,볼
162,4,56,면
162,4,254,스테이크
162,4,302,스프
162,4,5,밥
162,4,121,제육볶음
162,4,132,돈까스
162,5,30,파스타
162,5,37,크림파스타
162,5,123,찜
162,5,133,구이
163,4,5,밥
163,4,7,비빔밥
163,4,90,된장찌개
163,4,94,찌개
163,5,56,면
163,5,5,밥
163,2,70,국
163,4,56,면
163,4,91,김치찌개
163,5,0,김밥
163,4,70,국
164,4,56,면
164,4,70,국
164,5,295,파이
164,5,278,빵
164,5,281,식빵
164,5,184,버거
164,3,0,김밥
164,3,5,밥
164,3,31,라면
164,3,56,면
164,3,319,볼
164,5,70,국
165,5,56,면
165,4,5,밥
165,4,12,초밥
165,4,319,볼
165,3,30,파스타
165,3,56,면
165,3,175,피자
165,4,49,우동
165,4,275,커틀릿
165,5,5,밥
165,5,123,찜
165,5,133,구이
165,5,136,갈비찜
165,5,43,짬뽕
165,5,68,탕
165,5,129,탕수육
165,5,147,수육
165,5,278,빵
165,5,281,식빵
165,5,290,브레드
165,5,319,볼
165,3,123,찜
165,4,294,와플
165,5,132,돈까스
165,4,56,면
166,5,43,짬뽕
166,5,68,탕
166,5,129,탕수육
166,5,147,수육
166,5,126,치킨
166,5,1,떡볶이
166,5,15,떡
166,5,151,튀김
166,5,175,피자
166,5,0,김밥
166,5,5,밥
166,5,56,면
166,5,123,찜
166,5,138,찜닭
166,5,185,브리또
166,5,132,돈까스
166,5,26,카레
166,5,2,볶음밥
166,5,30,파스타
166,5,168,감자튀김
166,5,70,국
167,4,5,밥
167,4,31,라면
167,4,56,면
167,4,68,탕
167,3,56,면
167,2,56,면
167,2,295,파이
167,4,33,만두
167,4,36,국수
167,4,39,칼국수
167,4,70,국
167,4,2,볶음밥
167,4,15,떡
167,4,104,스튜
167,4,285,브라우니
167,5,56,면
167,3,68,탕
168,4,4,덮밥
168,4,5,밥
168,4,132,돈까스
168,4,323,연어
168,4,36,국수
168,4,70,국
168,5,4,덮밥
168,5,5,밥
168,5,56,면
168,5,323,연어
168,4,223,샐러드
168,5,31,라면
168,5,158,빙수
168,5,165,팥빙수
168,5,223,샐러드
168,5,175,피자
168,5,254,스테이크
168,5,26,카레
168,5,132,돈까스
168,4,71,육개장
168,5,8,죽
168,5,278,빵
168,4,1,떡볶이
168,4,15,떡
168,4,19,국물떡볶이
168,4,278,빵
168,5,319,볼
98,4,302,스프
98,4,43,짬뽕
169,5,5,밥
169,5,7,비빔밥
169,5,133,구이
169,5,30,파스타
169,5,31,라면
169,5,56,면
169,5,68,탕
169,5,192,감바스
169,5,278,빵
169,5,88,전골
169,5,302,스프
170,2,56,면
170,5,49,우동
170,5,56,면
170,4,70,국
170,5,258,라자냐
170,5,33,만두
170,4,56,면
170,1,144,닭갈비
170,2,51,냉면
170,2,70,국
170,3,56,면
170,3,160,강정
170,5,5,밥
170,5,172,꼬치
171,5,36,국수
171,5,70,국
171,5,319,볼
171,5,323,연어
171,4,158,빙수
171,4,165,팥빙수
171,4,276,케이크
171,3,70,국
171,3,319,볼
171,4,56,면
171,3,43,짬뽕
171,3,56,면
171,4,5,밥
171,4,12,초밥
171,4,123,찜
171,4,213,계란찜
171,4,223,샐러드
171,3,133,구이
171,3,175,피자
171,4,68,탕
171,4,129,탕수육
171,4,147,수육
171,4,151,튀김
171,4,172,꼬치
171,2,151,튀김
171,4,319,볼
171,4,184,버거
172,4,5,밥
172,4,278,빵
172,5,176,말이
172,4,288,핫도그
172,4,70,국
172,4,287,스콘
172,4,176,말이
172,4,184,버거
172,4,265,스크램블
172,4,56,면
172,4,4,덮밥
172,4,132,돈까스
172,4,323,연어
172,4,2,볶음밥
172,4,60,닭볶음탕
172,4,68,탕
172,4,86,닭개장
172,4,123,찜
172,4,138,찜닭
173,3,278,빵
173,3,281,식빵
173,4,5,밥
173,4,36,국수
173,4,39,칼국수
173,4,70,국
173,4,56,면
173,3,5,밥
173,3,7,비빔밥
173,3,94,찌개
173,3,133,구이
173,4,26,카레
173,4,278,빵
173,4,276,케이크
173,4,286,컵케이크
173,3,15,떡
173,3,134,떡갈비
173,5,302,스프
173,5,319,볼
173,4,147,수육
173,3,151,튀김
173,5,5,밥
173,5,56,면
173,4,44,짜장면
173,4,68,탕
173,4,129,탕수육
173,4,62,미역국
173,4,3,주먹밥
173,4,49,우동
173,5,158,빙수
173,5,278,빵
174,5,1,떡볶이
174,5,15,떡
174,5,56,면
174,5,176,말이
174,4,5,밥
174,4,175,피자
174,4,184,버거
174,4,44,짜장면
174,4,56,면
174,4,278,빵
174,3,70,국
174,5,132,돈까스
174,5,126,치킨
174,5,5,밥
174,5,123,찜
174,4,144,닭갈비
175,5,302,스프
175,5,5,밥
175,3,1,떡볶이
175,3,15,떡
175,3,31,라면
175,3,47,비빔면
175,3,56,면
175,3,132,돈까스
175,3,151,튀김
175,4,56,면
175,4,151,튀김
175,4,168,감자튀김
175,4,68,탕
175,5,56,면
175,5,184,버거
175,5,93,부대찌개
175,5,94,찌개
175,5,26,카레
175,5,31,라면
175,5,132,돈까스
175,5,319,볼
176,5,278,빵
176,5,36,국수
176,5,70,국
176,4,56,면
176,5,8,죽
176,5,296,카스테라
176,5,32,비빔국수
176,5,56,면
176,5,223,샐러드
176,5,30,파스타
176,5,301,마늘빵
177,5,56,면
177,5,295,파이
177,5,70,국
177,5,302,스프
177,5,319,볼
177,5,276,케이크
177,4,56,면
177,5,31,라면
177,5,5,밥
177,5,65,콩나물국
177,5,206,나물
177,4,36,국수
177,4,70,국
177,4,1,떡볶이
177,4,15,떡
177,5,4,덮밥
177,5,26,카레
178,5,8,죽
178,5,158,빙수
178,5,51,냉면
178,5,56,면
178,4,31,라면
178,4,36,국수
178,4,49,우동
178,4,56,면
178,4,70,국
178,4,51,냉면
178,4,68,탕
178,5,68,탕
178,5,70,국
178,4,5,밥
178,4,278,빵
178,4,290,브레드
178,4,184,버거
178,3,5,밥
178,5,302,스프
179,5,278,빵
179,5,281,식빵
179,4,123,찜
179,5,132,돈까스
179,5,5,밥
179,5,7,비빔밥
179,5,56,면
179,5,70,국
179,5,101,청국장
179,5,277,토스트
179,4,36,국수
179,4,43,짬뽕
179,4,68,탕
179,4,70,국
179,4,129,탕수육
179,4,147,수육
179,5,0,김밥
179,5,40,쫄면
179,4,51,냉면
179,4,56,면
179,4,278,빵
179,5,33,만두
179,5,186,샌드위치
179,5,158,빙수
179,5,36,국수
179,5,137,월남쌈
179,5,90,된장찌개
179,5,94,찌개
179,5,133,구이
179,5,126,치킨
180,4,126,치킨
180,5,70,국
180,3,278,빵
180,3,281,식빵
180,2,70,국
180,4,276,케이크
180,5,278,빵
181,2,1,떡볶이
181,2,15,떡
181,5,51,냉면
181,5,56,면
181,5,70,국
181,5,121,제육볶음
181,5,36,국수
181,5,319,볼
181,4,33,만두
181,4,51,냉면
181,4,56,면
181,4,141,낙지볶음
181,4,36,국수
181,4,39,칼국수
181,4,70,국
181,3,31,라면
181,3,56,면
181,3,133,구이
181,3,319,볼
181,5,133,구이
181,3,160,강정
181,3,190,통닭
182,5,159,젤리
182,5,56,면
182,5,160,강정
182,5,70,국
182,5,144,닭갈비
182,5,184,버거
182,5,276,케이크
182,5,68,탕
182,5,151,튀김
182,5,278,빵
182,5,127,불고기
182,5,130,소불고기
182,5,254,스테이크
182,4,2,볶음밥
182,4,5,밥
182,4,68,탕
182,4,81,감자탕
183,4,1,떡볶이
183,4,15,떡
183,4,56,면
183,4,151,튀김
183,4,277,토스트
183,4,68,탕
183,4,70,국
183,4,87,갈비탕
183,4,90,된장찌개
183,4,94,찌개
183,4,5,밥
183,4,35,수제비
183,4,36,국수
183,4,39,칼국수
183,4,49,우동
183,5,8,죽
183,5,151,튀김
183,5,168,감자튀김
183,5,184,버거
183,4,278,빵
183,4,281,식빵
183,4,33,만두
183,4,287,스콘
183,4,299,티라미수
183,3,34,스파게티
183,3,175,피자
183,4,158,빙수
183,4,165,팥빙수
183,4,41,콩국수
183,4,101,청국장
184,4,175,피자
184,4,254,스테이크
184,5,133,구이
184,5,56,면
184,5,319,볼
184,5,33,만두
184,5,68,탕
184,5,70,국
184,5,81,감자탕
184,5,0,김밥
184,5,5,밥
184,5,36,국수
184,3,5,밥
184,3,70,국
184,3,147,수육
185,5,1,떡볶이
185,5,15,떡
185,5,0,김밥
185,5,5,밥
185,5,22,꼬마김밥
185,5,160,강정
185,5,68,탕
185,5,70,국
185,5,31,라면
185,5,56,면
185,5,91,김치찌개
185,5,94,찌개
185,5,127,불고기
185,5,299,티라미수
185,5,30,파스타
185,5,37,크림파스타
185,5,175,피자
185,4,5,밥
185,5,132,돈까스
185,5,126,치킨
186,4,5,밥
186,4,68,탕
186,4,70,국
186,4,33,만두
186,4,36,국수
186,4,39,칼국수
186,4,184,버거
186,4,277,토스트
186,5,56,면
186,4,56,면
186,4,123,찜
187,5,104,스튜
187,5,254,스테이크
187,5,184,버거
188,5,30,파스타
188,5,46,까르보나라
188,5,254,스테이크
188,5,287,스콘
188,5,56,면
188,5,278,빵
188,4,5,밥
188,4,127,불고기
188,5,17,리조또
188,5,55,오일파스타
188,4,0,김밥
188,4,33,만두
188,4,36,국수
188,4,39,칼국수
188,4,70,국
188,4,41,콩국수
188,4,43,짬뽕
188,4,56,면
188,5,133,구이
188,5,1,떡볶이
188,5,15,떡
188,5,126,치킨
188,5,5,밥
188,5,70,국
188,5,290,브레드
189,4,133,구이
189,4,51,냉면
189,4,56,면
189,4,132,돈까스
189,5,70,국
189,5,278,빵
189,4,70,국
189,5,175,피자
189,4,1,떡볶이
189,4,15,떡
189,4,151,튀김
189,4,319,볼
189,5,276,케이크
190,4,70,국
190,4,56,면
190,4,36,국수
190,4,175,피자
190,4,1,떡볶이
190,4,15,떡
190,5,160,강정
190,5,190,통닭
190,4,68,탕
190,4,81,감자탕
190,5,254,스테이크
190,4,302,스프
191,5,8,죽
191,4,70,국
21,5,56,면
21,5,10,오므라이스
21,4,56,면
21,5,70,국
21,5,71,육개장
21,5,94,찌개
21,5,278,빵
21,5,319,볼
21,4,133,구이
21,4,51,냉면
192,5,1,떡볶이
192,5,2,볶음밥
192,5,5,밥
192,5,15,떡
192,5,172,꼬치
192,5,56,면
192,5,68,탕
192,5,206,나물
192,5,9,유부초밥
192,5,12,초밥
193,5,56,면
193,5,68,탕
193,5,277,토스트
193,4,88,전골
193,4,133,구이
193,5,158,빙수
193,5,93,부대찌개
193,5,94,찌개
193,5,126,치킨
193,5,279,머핀
193,5,0,김밥
193,5,5,밥
194,5,186,샌드위치
194,5,223,샐러드
194,5,277,토스트
194,5,278,빵
194,5,282,프렌치토스트
194,5,5,밥
194,5,60,닭볶음탕
194,5,68,탕
194,4,70,국
194,5,133,구이
194,4,133,구이
195,5,184,버거
195,5,56,면
195,5,278,빵
195,5,31,라면
195,3,70,국
195,5,93,부대찌개
195,5,94,찌개
195,4,175,피자
195,5,44,짜장면
195,5,8,죽
195,5,70,국
195,5,133,구이
195,5,30,파스타
195,5,123,찜
195,5,213,계란찜
195,4,70,국
195,4,186,샌드위치
196,5,56,면
196,5,70,국
196,4,1,떡볶이
196,4,15,떡
196,5,126,치킨
197,5,49,우동
197,5,56,면
197,5,93,부대찌개
197,5,94,찌개
197,5,144,닭갈비
197,5,5,밥
197,4,56,면
197,4,36,국수
197,4,70,국
197,4,151,튀김
197,4,0,김밥
197,4,5,밥
198,4,126,치킨
199,5,5,밥
199,5,206,나물
199,4,132,돈까스
199,4,5,밥
199,4,36,국수
199,4,70,국
199,4,68,탕
199,4,147,수육
199,4,56,면
199,5,51,냉면
199,5,56,면
199,5,70,국
199,4,186,샌드위치
199,4,1,떡볶이
199,4,15,떡
199,5,277,토스트
200,4,5,밥
200,4,70,국
200,4,88,전골
200,4,123,찜
200,5,56,면
200,5,126,치킨
200,5,319,볼
200,4,319,볼
200,5,31,라면
200,5,127,불고기
200,5,175,피자
201,4,15,떡
201,4,33,만두
201,4,36,국수
201,4,39,칼국수
201,4,70,국
201,4,72,만두국
201,4,73,떡만두국
201,5,126,치킨
201,4,184,버거
201,3,56,면
201,3,277,토스트
201,4,56,면
201,4,93,부대찌개
201,4,94,찌개
201,5,30,파스타
201,5,56,면
201,5,132,돈까스
201,4,26,카레
201,4,132,돈까스
201,3,70,국
201,3,278,빵
201,4,4,덮밥
201,4,5,밥
201,4,123,찜
201,4,213,계란찜
201,3,0,김밥
201,3,5,밥
201,3,33,만두
201,3,40,쫄면
201,3,49,우동
201,5,5,밥
201,3,3,주먹밥
201,3,35,수제비
201,3,68,탕
201,3,81,감자탕
201,3,123,찜
201,3,213,계란찜
201,4,51,냉면
202,4,5,밥
202,4,70,국
202,4,147,수육
202,3,70,국
202,4,46,까르보나라
203,5,70,국
203,5,101,청국장
203,4,33,만두
203,4,43,짬뽕
203,4,44,짜장면
203,4,49,우동
203,4,56,면
203,5,68,탕
203,5,129,탕수육
203,5,147,수육
203,4,5,밥
203,4,70,국
203,5,176,말이
203,5,319,볼
203,4,186,샌드위치
203,4,278,빵
203,5,36,국수
203,5,56,면
203,4,319,볼
203,5,126,치킨
203,5,160,강정
203,5,190,통닭
203,4,36,국수
203,4,39,칼국수
203,5,8,죽
204,5,70,국
204,5,56,면
204,5,0,김밥
204,5,5,밥
204,5,36,국수
204,5,30,파스타
204,5,278,빵
205,4,44,짜장면
205,4,56,면
205,4,8,죽
205,4,68,탕
205,4,123,찜
205,4,319,볼
205,5,51,냉면
205,5,56,면
205,5,30,파스타
205,5,175,피자
205,4,5,밥
205,4,9,유부초밥
205,4,12,초밥
205,5,88,전골
205,4,70,국
205,5,5,밥
205,5,123,찜
205,5,133,구이
205,5,213,계란찜
47,4,56,면
47,5,70,국
207,5,56,면
207,5,123,찜
207,4,56,면
207,4,68,탕
207,4,81,감자탕
207,5,8,죽
207,5,68,탕
207,5,70,국
207,5,129,탕수육
207,5,147,수육
207,5,175,피자
207,5,319,볼
207,5,203,가지볶음
207,5,33,만두
207,5,51,냉면
207,5,206,나물
207,5,5,밥
207,5,7,비빔밥
208,1,31,라면
208,1,56,면
208,5,290,브레드
208,5,56,면
208,5,192,감바스
208,5,264,에그인헬
209,4,126,치킨
209,3,158,빙수
209,3,165,팥빙수
209,3,278,빵
209,3,40,쫄면
209,3,49,우동
209,3,56,면
210,5,5,밥
210,5,65,콩나물국
210,5,70,국
210,5,206,나물
210,4,278,빵
210,5,56,면
210,4,68,탕
210,4,81,감자탕
210,4,93,부대찌개
210,4,94,찌개
210,4,70,국
210,4,56,면
210,4,5,밥
210,4,65,콩나물국
210,4,206,나물
210,5,278,빵
210,3,70,국
210,5,31,라면
210,5,223,샐러드
211,5,133,구이
211,5,176,말이
211,5,70,국
211,5,68,탕
211,5,87,갈비탕
211,5,56,면
211,5,172,꼬치
211,5,174,닭꼬치
212,5,70,국
212,5,319,볼
212,3,43,짬뽕
212,3,70,국
212,5,133,구이
213,5,151,튀김
213,5,160,강정
213,5,190,통닭
213,5,184,버거
213,5,278,빵
213,5,36,국수
213,5,70,국
213,5,39,칼국수
213,5,56,면
213,5,62,미역국
213,5,158,빙수
213,3,56,면
214,4,56,면
214,5,5,밥
214,5,121,제육볶음
214,5,68,탕
214,5,87,갈비탕
214,5,127,불고기
214,5,133,구이
214,5,278,빵
214,5,281,식빵
214,5,124,갈치조림
214,5,30,파스타
214,5,175,피자
214,5,56,면
214,5,7,비빔밥
214,5,206,나물
214,5,33,만두
214,5,8,죽
214,5,1,떡볶이
214,5,15,떡
214,4,278,빵
214,5,70,국
214,5,91,김치찌개
214,5,94,찌개
214,5,36,국수
214,5,39,칼국수
214,4,126,치킨
215,5,133,구이
215,5,151,튀김
215,5,166,새우튀김
215,5,70,국
215,5,8,죽
216,5,278,빵
216,3,36,국수
216,3,51,냉면
216,3,56,면
216,3,70,국
216,5,33,만두
216,5,56,면
216,5,36,국수
216,5,39,칼국수
216,5,70,국
216,5,302,스프
217,4,56,면
217,4,60,닭볶음탕
217,4,68,탕
217,4,144,닭갈비
217,1,70,국
217,2,278,빵
217,5,30,파스타
217,5,175,피자
217,4,0,김밥
217,4,1,떡볶이
217,4,5,밥
217,4,15,떡
217,5,91,김치찌개
217,5,94,찌개
217,3,278,빵
217,5,1,떡볶이
217,5,15,떡
217,4,70,국
218,3,144,닭갈비
218,2,4,덮밥
218,2,5,밥
218,2,126,치킨
218,5,56,면
218,5,278,빵
218,5,68,탕
218,5,70,국
218,5,5,밥
218,5,319,볼
218,2,33,만두
218,2,35,수제비
218,2,36,국수
218,2,39,칼국수
218,2,70,국
218,4,49,우동
218,5,26,카레
218,5,223,샐러드
218,4,56,면
218,4,70,국
218,3,68,탕
218,3,1,떡볶이
218,3,15,떡
218,3,31,라면
218,3,56,면
219,5,278,빵
219,5,175,피자
219,5,8,죽
219,5,56,면
219,5,70,국
219,5,319,볼
219,5,36,국수
219,5,151,튀김
219,5,160,강정
219,5,223,샐러드
219,5,126,치킨
219,5,184,버거
219,5,5,밥
219,5,7,비빔밥
219,5,67,된장국
220,4,175,피자
220,4,278,빵
220,4,56,면
220,5,70,국
220,4,186,샌드위치
220,3,0,김밥
220,3,5,밥
220,3,43,짬뽕
221,5,5,밥
221,5,31,라면
221,5,56,면
221,5,70,국
221,5,276,케이크
221,3,1,떡볶이
221,3,2,볶음밥
221,3,5,밥
221,3,15,떡
221,5,33,만두
221,5,68,탕
222,5,68,탕
222,5,123,찜
222,5,213,계란찜
222,4,56,면
222,5,2,볶음밥
222,5,5,밥
222,5,141,낙지볶음
222,5,56,면
222,5,223,샐러드
222,5,36,국수
222,5,39,칼국수
222,5,70,국
222,5,133,구이
222,3,5,밥
222,3,65,콩나물국
222,3,70,국
222,3,206,나물
222,4,0,김밥
222,4,5,밥
222,4,70,국
222,5,278,빵
222,4,1,떡볶이
222,4,15,떡
222,5,294,와플
222,5,33,만두
222,4,68,탕
222,4,81,감자탕
223,4,278,빵
223,4,175,피자
223,3,158,빙수
223,5,184,버거
223,4,158,빙수
223,3,0,김밥
223,3,2,볶음밥
223,3,5,밥
223,3,6,김치볶음밥
223,3,49,우동
223,3,172,꼬치
223,4,15,떡
223,4,56,면
223,5,133,구이
223,5,172,꼬치
223,4,68,탕
223,4,70,국
223,4,129,탕수육
223,4,147,수육
223,3,9,유부초밥
223,3,12,초밥
224,5,1,떡볶이
224,5,15,떡
224,3,68,탕
224,3,123,찜
224,1,70,국
224,5,47,비빔면
224,5,56,면
224,5,133,구이
224,5,151,튀김
224,5,51,냉면
224,5,90,된장찌개
224,5,94,찌개
224,5,223,샐러드
224,4,184,버거
224,5,184,버거
225,5,56,면
225,5,294,와플
225,5,276,케이크
225,5,133,구이
225,5,144,닭갈비
225,5,319,볼
225,5,4,덮밥
225,5,5,밥
225,5,68,탕
225,5,160,강정
225,5,190,통닭
225,5,123,찜
225,5,129,탕수육
225,5,147,수육
225,5,151,튀김
225,4,56,면
225,4,319,볼
226,1,56,면
226,5,175,피자
226,5,278,빵
226,5,290,브레드
226,4,184,버거
226,4,133,구이
226,4,160,강정
226,4,190,통닭
226,3,1,떡볶이
226,3,15,떡
226,3,19,국물떡볶이
226,3,70,국
226,4,126,치킨
226,4,151,튀김
226,5,124,갈치조림
226,5,51,냉면
226,5,56,면
226,5,132,돈까스
226,5,223,샐러드
226,5,36,국수
226,5,70,국
226,5,319,볼
227,5,68,탕
227,4,30,파스타
227,4,175,피자
227,4,0,김밥
227,4,5,밥
228,5,175,피자
228,5,56,면
228,5,2,볶음밥
228,5,5,밥
228,5,70,국
228,5,132,돈까스
228,1,68,탕
228,1,70,국
228,1,81,감자탕
228,4,223,샐러드
228,4,254,스테이크
228,4,15,떡
228,4,70,국
228,4,134,떡갈비
228,5,34,스파게티
228,5,179,팬케이크
228,5,276,케이크
228,5,319,볼
228,2,43,짬뽕
228,2,56,면
228,2,70,국
228,5,278,빵
228,5,12,초밥
228,5,0,김밥
229,5,15,떡
229,5,56,면
229,5,319,볼
229,5,70,국
229,5,151,튀김
229,4,5,밥
229,4,127,불고기
229,5,276,케이크
5,5,5,밥
5,5,70,국
5,5,33,만두
5,5,141,낙지볶음
5,5,15,떡
5,5,151,튀김
230,5,56,면
230,5,158,빙수
230,5,5,밥
230,5,12,초밥
230,5,30,파스타
230,5,175,피자
230,4,56,면
230,4,319,볼
230,4,30,파스타
230,5,68,탕
230,5,70,국
230,5,133,구이
230,5,120,잡채
230,5,151,튀김
230,4,158,빙수
231,5,17,리조또
231,5,30,파스타
231,5,56,면
231,5,277,토스트
231,4,70,국
231,5,68,탕
231,5,87,갈비탕
231,4,133,구이
231,5,4,덮밥
231,5,5,밥
231,5,223,샐러드
231,5,254,스테이크
231,5,36,국수
231,5,70,국
231,5,132,돈까스
232,5,8,죽
232,5,172,꼬치
232,5,90,된장찌개
232,5,94,찌개
232,5,278,빵
232,5,26,카레
232,5,56,면
232,5,319,볼
232,5,126,치킨
232,5,70,국
233,4,278,빵
233,4,290,브레드
233,4,5,밥
233,4,36,국수
233,4,39,칼국수
233,4,70,국
233,3,62,미역국
233,3,70,국
233,3,133,구이
233,4,40,쫄면
233,4,56,면
233,4,132,돈까스
233,3,60,닭볶음탕
233,3,68,탕
234,4,70,국
234,5,36,국수
234,5,70,국
234,5,278,빵
234,5,31,라면
234,5,56,면
234,4,8,죽
234,4,186,샌드위치
234,4,56,면
234,4,278,빵
234,5,127,불고기
234,3,126,치킨
234,3,160,강정
235,4,56,면
235,5,132,돈까스
235,5,30,파스타
235,5,175,피자
235,5,56,면
235,5,184,버거
236,3,70,국
236,4,56,면
236,3,278,빵
236,3,49,우동
236,4,319,볼
236,3,30,파스타
236,3,37,크림파스타
236,3,55,오일파스타
236,4,44,짜장면
236,4,68,탕
236,4,129,탕수육
236,4,147,수육
236,3,56,면
236,5,36,국수
236,5,39,칼국수
236,5,70,국
236,5,160,강정
236,5,223,샐러드
236,5,294,와플
236,3,184,버거
236,3,295,파이
236,5,5,밥
236,5,133,구이
236,4,15,떡
236,4,278,빵
237,3,5,밥
237,3,12,초밥
237,5,43,짬뽕
237,5,70,국
237,5,126,치킨
237,5,93,부대찌개
237,5,94,찌개
237,5,302,스프
237,4,1,떡볶이
237,4,15,떡
237,5,56,면
237,3,184,버거
237,5,1,떡볶이
237,5,3,주먹밥
237,5,5,밥
237,5,15,떡
237,5,30,파스타
237,5,175,피자
237,3,26,카레
237,5,132,돈까스
237,4,4,덮밥
237,4,5,밥
237,4,26,카레
238,3,56,면
238,5,56,면
238,2,43,짬뽕
238,3,68,탕
238,3,70,국
238,3,81,감자탕
238,5,126,치킨
239,5,36,국수
239,5,56,면
239,5,70,국
239,4,56,면
239,4,2,볶음밥
239,4,5,밥
239,4,36,국수
239,4,70,국
239,4,127,불고기
239,4,133,구이
239,4,319,볼
239,4,186,샌드위치
239,5,151,튀김
239,5,278,빵
239,5,319,볼
239,3,56,면
239,3,133,구이
239,4,206,나물
240,5,278,빵
240,4,163,스틱
240,4,56,면
240,3,70,국
240,3,4,덮밥
240,3,5,밥
240,4,70,국
241,5,323,연어
241,5,276,케이크
241,5,290,브레드
241,5,5,밥
241,5,94,찌개
241,5,68,탕
241,5,56,면
241,5,70,국
241,5,90,된장찌개
241,5,133,구이
241,5,144,닭갈비
241,5,33,만두
241,5,36,국수
241,5,39,칼국수
241,5,126,치킨
18,3,1,떡볶이
18,3,15,떡
18,3,31,라면
18,3,56,면
18,3,151,튀김
18,5,287,스콘
18,4,56,면
18,4,0,김밥
18,4,2,볶음밥
18,4,5,밥
18,4,40,쫄면
18,5,32,비빔국수
18,5,319,볼
242,5,175,피자
242,5,184,버거
242,5,56,면
242,5,294,와플
242,5,4,덮밥
242,5,5,밥
242,5,302,스프
242,5,123,찜
242,5,138,찜닭
242,5,133,구이
242,5,70,국
242,4,56,면
243,4,56,면
243,4,5,밥
243,4,49,우동
243,4,67,된장국
243,4,70,국
244,4,33,만두
244,4,43,짬뽕
244,4,56,면
244,4,68,탕
244,4,70,국
244,4,129,탕수육
244,4,147,수육
244,5,56,면
244,4,5,밥
244,4,8,죽
244,4,20,전복죽
244,3,56,면
244,4,3,주먹밥
244,4,151,튀김
244,4,319,볼
244,4,133,구이
244,4,278,빵
244,5,278,빵
245,4,158,빙수
245,4,165,팥빙수
245,4,26,카레
245,3,32,비빔국수
245,3,36,국수
245,3,70,국
245,5,276,케이크
245,3,0,김밥
245,3,5,밥
245,3,51,냉면
245,3,56,면
245,3,132,돈까스
245,2,0,김밥
245,2,5,밥
245,2,40,쫄면
245,2,56,면
245,4,5,밥
245,4,7,비빔밥
245,4,133,구이
245,3,33,만두
245,3,39,칼국수
245,3,52,바지락칼국수
245,3,158,빙수
245,3,165,팥빙수
246,5,254,스테이크
246,5,184,버거
246,4,186,샌드위치
246,4,223,샐러드
246,4,184,버거
246,4,56,면
246,5,56,면
246,5,70,국
246,4,188,칠리새우
246,5,151,튀김
246,5,288,핫도그
246,5,33,만두
246,5,43,짬뽕
246,5,68,탕
246,5,129,탕수육
246,5,147,수육
246,4,132,돈까스
246,4,151,튀김
246,4,5,밥
246,4,276,케이크
247,5,5,밥
247,5,36,국수
247,5,56,면
247,5,70,국
247,4,70,국
247,4,68,탕
247,4,175,피자
247,3,56,면
247,3,276,케이크
247,3,319,볼
247,5,133,구이
248,4,123,찜
248,5,68,탕
248,4,70,국
248,4,33,만두
248,4,93,부대찌개
248,4,94,찌개
249,4,5,밥
249,5,5,밥
249,5,65,콩나물국
249,5,70,국
249,5,206,나물
249,4,56,면
249,4,254,스테이크
249,4,278,빵
249,4,299,티라미수
249,4,302,스프
249,4,307,양송이스프
249,5,8,죽
249,5,33,만두
249,5,36,국수
249,5,39,칼국수
249,5,56,면
249,5,203,가지볶음
249,5,204,무생채
249,5,133,구이
249,4,33,만두
249,4,51,냉면
249,4,70,국
249,4,68,탕
249,4,150,감자전
249,4,172,꼬치
249,5,144,닭갈비
249,3,56,면
249,5,7,비빔밥
249,5,20,전복죽
250,4,126,치킨
250,5,133,구이
250,4,56,면
250,4,68,탕
250,4,70,국
250,4,76,꽃게탕
250,5,56,면
250,5,132,돈까스
251,5,33,만두
251,5,151,튀김
251,4,56,면
251,4,278,빵
251,4,290,브레드
251,5,184,버거
251,5,277,토스트
251,5,56,면
251,4,51,냉면
251,5,278,빵
251,5,295,파이
6,5,126,치킨
6,5,160,강정
6,4,2,볶음밥
6,4,5,밥
6,4,43,짬뽕
6,4,44,짜장면
6,4,51,냉면
6,4,56,면
6,4,70,국
6,4,151,튀김
6,4,319,볼
252,5,56,면
252,5,5,밥
252,5,123,찜
252,5,213,계란찜
252,3,158,빙수
252,5,1,떡볶이
252,5,15,떡
252,5,33,만두
252,5,93,부대찌개
252,5,94,찌개
252,5,176,말이
252,5,0,김밥
252,5,295,파이
252,5,133,구이
252,4,17,리조또
252,4,30,파스타
252,4,56,면
252,5,126,치킨
252,5,160,강정
252,5,278,빵
252,3,4,덮밥
252,3,5,밥
252,3,56,면
252,3,70,국
252,3,126,치킨
252,5,40,쫄면
253,3,2,볶음밥
253,3,5,밥
253,3,56,면
253,3,68,탕
253,3,129,탕수육
253,3,147,수육
253,2,294,와플
253,4,56,면
254,2,36,국수
254,2,70,국
254,4,36,국수
254,4,70,국
254,4,302,스프
254,4,151,튀김
254,4,160,강정
254,5,51,냉면
254,5,56,면
254,5,91,김치찌개
254,5,94,찌개
254,4,40,쫄면
254,4,49,우동
254,4,56,면
255,4,278,빵
255,5,278,빵
255,5,1,떡볶이
255,5,15,떡
255,5,30,파스타
255,4,160,강정
255,4,190,통닭
255,4,56,면
255,4,302,스프
255,5,5,밥
255,5,33,만두
255,5,36,국수
255,5,39,칼국수
255,5,56,면
255,5,70,국
255,5,176,말이
255,3,2,볶음밥
255,3,5,밥
255,3,56,면
255,3,175,피자
255,4,91,김치찌개
255,4,94,찌개
255,4,133,구이
255,3,49,우동
255,3,132,돈까스
255,3,276,케이크
256,4,2,볶음밥
256,4,5,밥
256,4,6,김치볶음밥
257,4,33,만두
257,4,36,국수
257,4,39,칼국수
257,4,70,국
257,5,35,수제비
257,5,36,국수
257,5,70,국
257,3,0,김밥
257,3,5,밥
257,3,70,국
257,5,294,와플
257,5,30,파스타
257,5,132,돈까스
258,5,276,케이크
258,5,284,치즈케이크
258,4,278,빵
258,5,5,밥
258,5,7,비빔밥
259,5,223,샐러드
259,4,278,빵
259,3,184,버거
259,3,278,빵
259,5,56,면
259,5,60,닭볶음탕
259,5,68,탕
259,4,0,김밥
259,4,5,밥
259,4,9,유부초밥
259,4,12,초밥
259,4,223,샐러드
259,4,56,면
259,5,30,파스타
259,1,51,냉면
259,1,56,면
260,4,56,면
260,5,70,국
260,3,319,볼
260,5,278,빵
260,4,0,김밥
260,4,5,밥
260,4,127,불고기
260,5,56,면
260,5,126,치킨
260,5,151,튀김
260,5,168,감자튀김
261,5,32,비빔국수
261,5,36,국수
261,5,70,국
261,3,46,까르보나라
261,3,254,스테이크
261,5,4,덮밥
261,5,5,밥
261,5,172,꼬치
261,5,174,닭꼬치
261,5,323,연어
261,4,56,면
261,4,277,토스트
261,5,276,케이크
261,5,56,면
261,4,31,라면
261,4,276,케이크
261,4,284,치즈케이크
261,4,319,볼
261,5,319,볼
261,2,70,국
262,4,36,국수
262,4,56,면
262,4,70,국
262,4,68,탕
262,4,129,탕수육
262,4,147,수육
262,3,56,면
262,3,126,치킨
262,4,126,치킨
262,4,278,빵
262,3,4,덮밥
262,3,5,밥
262,3,133,구이
262,4,5,밥
262,4,175,피자
262,1,70,국
262,3,70,국
263,5,277,토스트
263,4,40,쫄면
263,4,56,면
263,5,56,면
263,5,68,탕
263,5,87,갈비탕
263,5,133,구이
264,4,56,면
264,4,33,만두
264,4,88,전골
264,4,5,밥
264,4,7,비빔밥
264,4,278,빵
264,4,43,짬뽕
264,5,70,국
264,5,278,빵
264,4,276,케이크
265,3,277,토스트
265,4,5,밥
265,4,56,면
265,4,141,낙지볶음
265,5,299,티라미수
265,3,176,말이
265,3,186,샌드위치
265,5,15,떡
265,5,278,빵
265,2,56,면
265,3,56,면
265,4,4,덮밥
265,4,70,국
265,4,254,스테이크
265,4,15,떡
265,3,126,치킨
265,4,31,라면
265,4,278,빵
265,4,281,식빵
265,5,0,김밥
265,5,5,밥
265,5,70,국
265,3,0,김밥
265,3,5,밥
265,5,36,국수
266,5,36,국수
266,5,56,면
266,5,70,국
266,5,137,월남쌈
266,4,43,짬뽕
266,4,70,국
266,4,186,샌드위치
266,5,175,피자
267,5,43,짬뽕
267,5,5,밥
267,5,12,초밥
267,1,133,구이
267,5,14,쌈밥
267,1,56,면
268,4,276,케이크
268,4,2,볶음밥
268,4,5,밥
268,4,0,김밥
268,4,9,유부초밥
268,4,12,초밥
268,5,56,면
268,5,126,치킨
268,5,160,강정
268,5,278,빵
268,5,301,마늘빵
268,5,5,밥
268,5,91,김치찌개
268,5,94,찌개
268,5,133,구이
268,5,176,말이
268,5,197,계란말이
268,5,223,샐러드
269,5,302,스프
269,5,56,면
269,5,277,토스트
269,5,278,빵
269,5,288,핫도그
269,3,56,면
270,5,319,볼
270,5,2,볶음밥
270,5,5,밥
270,5,192,감바스
270,5,278,빵
270,5,33,만두
270,5,40,쫄면
270,5,56,면
270,5,132,돈까스
270,4,56,면
270,4,151,튀김
270,4,168,감자튀김
270,4,184,버거
270,5,223,샐러드
270,5,276,케이크
270,5,158,빙수
270,5,165,팥빙수
270,5,123,찜
270,5,138,찜닭
270,5,151,튀김
270,5,168,감자튀김
270,5,67,된장국
270,5,70,국
270,5,190,통닭
271,5,43,짬뽕
271,5,70,국
271,5,133,구이
271,5,160,강정
271,5,190,통닭
271,5,56,면
271,5,132,돈까스
271,5,184,버거
272,4,158,빙수
272,3,5,밥
272,3,70,국
272,4,151,튀김
272,4,206,나물
272,3,36,국수
272,4,5,밥
272,4,36,국수
272,4,41,콩국수
272,4,65,콩나물국
272,4,70,국
272,4,7,비빔밥
272,4,68,탕
272,4,87,갈비탕
272,4,120,잡채
272,4,278,빵
273,3,56,면
273,3,68,탕
273,4,123,찜
273,4,213,계란찜
273,3,5,밥
273,3,30,파스타
273,4,8,죽
273,4,68,탕
273,2,1,떡볶이
273,2,15,떡
273,4,254,스테이크
274,4,56,면
274,5,56,면
274,2,278,빵
274,3,56,면
274,3,276,케이크
274,3,284,치즈케이크
274,4,36,국수
274,4,70,국
274,3,158,빙수
274,3,70,국
274,4,15,떡
274,4,319,볼
16,4,38,잔치국수
16,4,278,빵
16,4,49,우동
16,4,132,돈까스
16,4,68,탕
16,4,129,탕수육
16,4,147,수육
16,4,144,닭갈비
275,5,10,오므라이스
275,5,30,파스타
275,5,55,오일파스타
275,5,5,밥
275,5,90,된장찌개
275,5,94,찌개
275,4,15,떡
275,5,70,국
275,4,132,돈까스
275,4,0,김밥
275,4,5,밥
275,4,70,국
275,5,278,빵
275,5,281,식빵
275,5,290,브레드
275,5,133,구이
275,4,4,덮밥
275,5,276,케이크
275,5,123,찜
275,5,93,부대찌개
275,4,56,면
276,5,56,면
276,5,123,찜
276,5,213,계란찜
276,5,175,피자
276,5,5,밥
276,5,70,국
276,5,30,파스타
276,5,58,토마토파스타
276,5,192,감바스
276,5,277,토스트
276,5,12,초밥
276,5,2,볶음밥
276,5,36,국수
277,4,93,부대찌개
277,4,94,찌개
277,4,133,구이
277,4,68,탕
277,5,68,탕
277,5,129,탕수육
277,5,147,수육
277,5,175,피자
277,4,278,빵
278,5,56,면
278,5,319,볼
278,4,123,찜
278,4,192,감바스
25,3,88,전골
32,5,184,버거
43,4,278,빵
36,4,176,말이
58,5,302,스프
58,4,68,탕
58,4,278,빵
58,3,278,빵
58,3,0,김밥
58,3,5,밥
58,3,70,국
60,5,144,닭갈비
32,5,70,국
42,5,126,치킨
43,4,5,밥
43,4,12,초밥
43,4,15,떡
43,4,134,떡갈비
54,4,281,식빵
65,5,70,국
71,3,70,국
81,4,56,면
81,4,324,콘소메
87,4,33,만두
87,4,56,면
87,4,276,케이크
87,4,278,빵
91,3,5,밥
91,3,70,국
91,3,87,갈비탕
95,4,68,탕
95,4,69,삼계탕
95,4,127,불고기
95,4,130,소불고기
95,4,2,볶음밥
95,4,5,밥
95,4,33,만두
95,4,39,칼국수
103,4,175,피자
104,4,186,샌드위치
104,3,8,죽
104,3,70,국
105,5,51,냉면
105,5,56,면
112,4,43,짬뽕
112,4,68,탕
112,4,129,탕수육
112,4,147,수육
117,4,43,짬뽕
118,4,0,김밥
118,4,2,볶음밥
118,4,6,김치볶음밥
122,5,133,구이
122,5,17,리조또
122,1,5,밥
122,1,254,스테이크
126,4,176,말이
126,4,319,볼
128,5,319,볼
148,5,56,면
150,5,68,탕
150,5,81,감자탕
154,5,295,파이
161,5,319,볼
167,3,5,밥
167,3,122,오징어볶음
167,4,184,버거
169,5,277,토스트
34,5,277,토스트
72,4,175,피자
58,4,56,면
279,4,70,국
279,4,126,치킨
279,4,33,만두
279,4,36,국수
279,4,39,칼국수
279,4,52,바지락칼국수
279,5,70,국
279,5,287,스콘
279,3,70,국
279,4,30,파스타
279,4,56,면
279,4,319,볼
280,5,133,구이
198,4,56,면
281,2,56,면
281,5,56,면
281,5,184,버거
281,5,5,밥
281,5,14,쌈밥
281,5,123,찜
281,4,133,구이
281,5,70,국
281,5,278,빵
281,5,281,식빵
281,4,158,빙수
281,4,175,피자
281,3,121,제육볶음
281,3,133,구이
156,5,184,버거
156,4,56,면
156,4,277,토스트
156,4,70,국
156,5,30,파스타
156,5,254,스테이크
156,4,0,김밥
156,4,5,밥
156,4,1,떡볶이
156,4,15,떡
156,5,276,케이크
156,5,284,치즈케이크
156,4,14,쌈밥
283,5,126,치킨
283,5,5,밥
283,4,70,국
283,5,31,라면
283,5,56,면
284,5,186,샌드위치
284,5,8,죽
284,5,56,면
284,5,3,주먹밥
284,5,5,밥
284,5,70,국
284,5,123,찜
284,5,213,계란찜
284,5,0,김밥
285,3,0,김밥
285,3,5,밥
285,3,70,국
285,3,277,토스트
285,5,56,면
285,5,319,볼
285,4,104,스튜
285,5,144,닭갈비
285,4,33,만두
285,4,36,국수
285,4,39,칼국수
285,4,70,국
285,4,176,말이
285,3,17,리조또
286,5,144,닭갈비
286,3,160,강정
286,5,132,돈까스
286,4,30,파스타
286,4,319,볼
287,5,56,면
287,5,276,케이크
287,5,287,스콘
287,4,287,스콘
287,5,70,국
288,5,172,꼬치
288,5,31,라면
288,5,35,수제비
288,5,56,면
288,5,70,국
288,3,68,탕
288,3,81,감자탕
288,4,33,만두
288,4,70,국
288,4,72,만두국
288,4,184,버거
288,1,56,면
289,5,56,면
289,4,56,면
289,4,15,떡
289,3,15,떡
290,5,15,떡
290,4,133,구이
290,5,8,죽
290,5,278,빵
290,5,281,식빵
290,5,5,밥
290,5,70,국
290,5,71,육개장
290,5,30,파스타
290,5,56,면
290,5,126,치킨
290,5,151,튀김
290,5,160,강정
290,5,190,통닭
290,5,33,만두
290,5,319,볼
290,5,94,찌개
290,5,133,구이
290,5,68,탕
290,3,1,떡볶이
290,3,15,떡
290,5,1,떡볶이
290,3,32,비빔국수
290,3,36,국수
290,3,70,국
290,5,290,브레드
290,4,126,치킨
290,4,295,파이
291,4,5,밥
291,4,49,우동
291,5,294,와플
291,5,5,밥
291,5,7,비빔밥
291,5,144,닭갈비
291,5,302,스프
291,5,30,파스타
292,4,276,케이크
292,4,1,떡볶이
292,4,2,볶음밥
292,4,5,밥
292,4,15,떡
292,4,127,불고기
293,3,0,김밥
293,3,5,밥
293,4,68,탕
293,4,184,버거
293,4,36,국수
293,4,70,국
293,4,5,밥
293,4,56,면
293,3,70,국
293,3,120,잡채
293,4,126,치킨
293,3,49,우동
293,2,0,김밥
293,2,5,밥
293,2,70,국
294,5,302,스프
294,5,93,부대찌개
294,5,94,찌개
294,5,5,밥
294,5,56,면
294,5,175,피자
294,5,294,와플
294,5,319,볼
294,5,278,빵
295,4,175,피자
295,3,5,밥
295,3,14,쌈밥
295,3,15,떡
295,3,134,떡갈비
295,3,278,빵
295,3,88,전골
295,3,319,볼
295,4,0,김밥
295,4,5,밥
295,4,68,탕
295,4,4,덮밥
296,4,277,토스트
296,5,68,탕
296,4,31,라면
296,4,56,면
296,5,49,우동
297,3,56,면
297,4,49,우동
297,4,56,면
297,4,70,국
297,4,1,떡볶이
297,4,15,떡
297,5,278,빵
297,5,5,밥
297,5,12,초밥
297,4,0,김밥
297,4,5,밥
297,4,40,쫄면
297,4,132,돈까스
297,5,49,우동
297,5,133,구이
298,3,68,탕
298,3,147,수육
298,4,126,치킨
298,4,160,강정
298,5,5,밥
298,5,122,오징어볶음
298,4,5,밥
298,4,36,국수
298,4,70,국
298,4,33,만두
298,4,278,빵
298,4,319,볼
298,3,56,면
298,5,36,국수
298,5,39,칼국수
298,5,56,면
298,5,68,탕
298,5,70,국
298,5,319,볼
298,4,56,면
298,4,91,김치찌개
298,4,94,찌개
298,4,31,라면
299,4,36,국수
299,4,38,잔치국수
299,4,49,우동
299,4,70,국
299,4,5,밥
299,4,123,찜
299,3,33,만두
299,5,5,밥
299,5,127,불고기
299,1,126,치킨
299,1,151,튀김
299,4,126,치킨
299,3,5,밥
299,3,65,콩나물국
299,3,70,국
299,3,152,김치전
299,3,206,나물
299,3,2,볶음밥
299,3,18,새우볶음밥
299,3,36,국수
299,3,39,칼국수
299,3,132,돈까스
300,5,5,밥
300,5,7,비빔밥
300,5,56,면
300,5,68,탕
300,5,141,낙지볶음
300,5,276,케이크
300,5,319,볼
300,5,15,떡
300,5,36,국수
300,5,47,비빔면
300,5,70,국
300,5,134,떡갈비
301,5,91,김치찌개
301,5,94,찌개
301,4,4,덮밥
301,4,5,밥
301,4,62,미역국
301,4,70,국
301,4,184,버거
301,5,33,만두
301,5,36,국수
301,5,39,칼국수
301,5,70,국
301,5,147,수육
301,4,126,치킨
301,4,160,강정
302,5,70,국
303,5,94,찌개
303,3,288,핫도그
303,5,56,면
303,5,36,국수
303,5,70,국
304,3,123,찜
304,3,1,떡볶이
304,3,15,떡
304,3,151,튀김
304,1,33,만두
304,1,36,국수
304,1,39,칼국수
304,1,70,국
304,4,278,빵
304,4,301,마늘빵
304,4,0,김밥
304,4,5,밥
304,4,32,비빔국수
304,4,36,국수
304,4,56,면
304,4,70,국
304,3,0,김밥
304,3,5,밥
304,4,302,스프
304,5,70,국
304,4,126,치킨
305,4,70,국
305,4,158,빙수
305,4,184,버거
305,3,70,국
306,5,70,국
306,5,126,치킨
306,5,278,빵
306,5,281,식빵
306,5,295,파이
306,5,192,감바스
307,5,56,면
307,5,288,핫도그
307,5,160,강정
307,5,70,국
307,5,319,볼
307,5,133,구이
307,5,8,죽
307,5,36,국수
308,4,4,덮밥
308,4,5,밥
308,4,70,국
308,3,5,밥
308,3,12,초밥
308,4,30,파스타
308,4,56,면
308,3,172,꼬치
308,2,36,국수
308,2,70,국
308,3,1,떡볶이
308,3,15,떡
308,3,56,면
308,3,70,국
309,5,132,돈까스
309,4,56,면
309,3,70,국
309,5,70,국
309,5,51,냉면
309,5,56,면
309,5,175,피자
309,4,126,치킨
310,4,278,빵
310,4,290,브레드
310,4,319,볼
310,3,2,볶음밥
310,3,5,밥
310,3,18,새우볶음밥
310,3,132,돈까스
310,3,126,치킨
310,3,70,국
310,3,184,버거
310,3,276,케이크
310,3,293,롤케이크
310,3,299,티라미수
311,5,70,국
311,5,319,볼
311,5,31,라면
311,5,56,면
311,5,323,연어
311,5,36,국수
311,5,126,치킨
311,5,160,강정
311,5,68,탕
312,3,70,국
312,4,175,피자
312,4,68,탕
312,4,70,국
313,4,70,국
314,5,5,밥
314,5,14,쌈밥
314,5,56,면
314,5,90,된장찌개
314,5,94,찌개
314,3,151,튀김
314,3,168,감자튀김
314,3,190,통닭
314,3,319,볼
315,3,5,밥
315,3,12,초밥
315,4,5,밥
315,4,7,비빔밥
315,4,56,면
315,4,123,찜
315,4,68,탕
315,4,81,감자탕
315,4,126,치킨
315,5,133,구이
315,4,70,국
315,5,123,찜
315,5,5,밥
316,5,1,떡볶이
316,5,15,떡
316,4,126,치킨
316,5,56,면
316,5,126,치킨
316,4,56,면
316,4,43,짬뽕
316,4,68,탕
316,4,129,탕수육
316,4,147,수육
316,5,70,국
316,5,93,부대찌개
316,5,94,찌개
316,5,133,구이
316,4,132,돈까스
316,5,5,밥
316,5,9,유부초밥
316,5,12,초밥
316,5,30,파스타
316,5,254,스테이크
316,5,44,짜장면
317,3,158,빙수
317,4,323,연어
317,5,56,면
317,5,70,국
317,5,68,탕
317,5,319,볼
317,4,17,리조또
317,4,30,파스타
317,4,56,면
317,4,8,죽
317,4,33,만두
317,4,68,탕
317,4,129,탕수육
317,4,147,수육
317,5,33,만두
317,5,51,냉면
318,5,17,리조또
318,5,30,파스타
318,5,175,피자
318,5,319,볼
319,5,175,피자
319,4,56,면
319,5,70,국
319,5,1,떡볶이
319,5,15,떡
320,4,68,탕
320,4,70,국
320,4,81,감자탕
320,4,88,전골
320,5,186,샌드위치
320,5,278,빵
320,5,56,면
320,4,56,면
320,4,278,빵
320,3,123,찜
320,3,138,찜닭
320,3,33,만두
320,3,70,국
320,4,172,꼬치
320,5,223,샐러드
320,4,4,덮밥
320,4,5,밥
320,4,31,라면
321,5,51,냉면
321,5,56,면
321,5,70,국
321,5,101,청국장
321,5,139,주꾸미볶음
321,3,0,김밥
321,3,5,밥
321,3,31,라면
321,3,56,면
321,3,254,스테이크
321,5,319,볼
321,4,5,밥
321,3,70,국
321,3,133,구이
321,5,5,밥
321,5,7,비빔밥
321,5,127,불고기
322,4,56,면
322,4,319,볼
322,5,36,국수
322,5,70,국
322,5,133,구이
323,4,278,빵
323,5,5,밥
323,5,70,국
323,5,104,스튜
323,4,56,면
323,4,132,돈까스
323,5,184,버거
323,4,184,버거
323,4,126,치킨
323,4,175,피자
323,4,30,파스타
324,4,30,파스타
324,4,223,샐러드
324,4,290,브레드
324,4,278,빵
324,4,31,라면
324,4,56,면
324,4,68,탕
324,4,5,밥
325,4,276,케이크
325,4,278,빵
325,2,302,스프
325,2,319,볼
325,4,15,떡
325,4,70,국
325,5,70,국
326,5,5,밥
326,5,12,초밥
326,5,126,치킨
326,5,186,샌드위치
326,5,184,버거
326,5,158,빙수
326,4,276,케이크
326,5,278,빵
326,5,290,브레드
326,5,163,스틱
326,5,56,면
326,5,127,불고기
327,3,68,탕
327,4,172,꼬치
327,3,5,밥
327,5,56,면
327,4,15,떡
327,4,70,국
328,4,278,빵
328,3,0,김밥
328,3,5,밥
328,5,0,김밥
328,5,5,밥
328,4,0,김밥
328,4,5,밥
328,3,56,면
329,4,5,밥
329,5,8,죽
329,5,36,국수
329,5,39,칼국수
329,5,70,국
329,5,91,김치찌개
329,5,92,순두부찌개
329,5,94,찌개
329,5,100,두부찌개
329,5,104,스튜
329,5,56,면
329,4,56,면
329,4,88,전골
329,4,123,찜
329,4,125,돼지갈비찜
329,4,136,갈비찜
329,4,223,샐러드
330,4,295,파이
330,5,70,국
330,5,5,밥
330,5,7,비빔밥
330,5,15,떡
330,5,134,떡갈비
330,5,33,만두
330,5,276,케이크
330,5,49,우동
331,5,278,빵
331,5,36,국수
331,5,56,면
331,5,70,국
331,5,33,만두
331,5,39,칼국수
331,5,281,식빵
331,5,43,짬뽕
332,4,49,우동
332,4,56,면
332,4,151,튀김
332,5,0,김밥
332,5,5,밥
332,5,70,국
332,5,33,만두
332,5,36,국수
332,5,56,면
332,3,68,탕
332,3,87,갈비탕
332,5,278,빵
332,5,151,튀김
332,5,166,새우튀김
332,5,93,부대찌개
332,5,94,찌개
232,5,0,김밥
232,5,5,밥
232,5,176,말이
232,5,175,피자
232,5,323,연어
333,5,56,면
333,5,319,볼
334,5,302,스프
334,3,8,죽
334,5,70,국
334,5,15,떡
334,5,123,찜
334,5,206,나물
334,5,56,면
335,5,43,짬뽕
335,4,278,빵
336,4,151,튀김
336,4,184,버거
336,4,56,면
336,4,132,돈까스
336,3,56,면
336,4,2,볶음밥
336,4,5,밥
336,4,31,라면
336,4,33,만두
336,3,36,국수
336,3,39,칼국수
336,3,70,국
336,4,123,찜
336,4,138,찜닭
336,4,8,죽
336,4,126,치킨
336,4,233,코울슬로
336,4,70,국
336,5,31,라면
336,5,56,면
336,3,31,라면
336,5,175,피자
336,4,276,케이크
336,5,70,국
336,5,276,케이크
337,5,56,면
337,5,51,냉면
337,5,132,돈까스
337,5,68,탕
337,5,0,김밥
337,5,5,밥
337,5,70,국
337,5,43,짬뽕
337,5,44,짜장면
337,5,129,탕수육
337,5,147,수육
337,4,15,떡
337,5,91,김치찌개
337,5,94,찌개
337,5,127,불고기
337,5,8,죽
337,5,20,전복죽
337,5,33,만두
337,5,223,샐러드
337,4,0,김밥
337,4,1,떡볶이
337,4,5,밥
337,4,22,꼬마김밥
337,4,33,만두
337,4,295,파이
337,5,36,국수
338,5,277,토스트
338,5,5,밥
338,5,12,초밥
338,5,151,튀김
338,5,49,우동
338,5,15,떡
338,5,36,국수
338,5,39,칼국수
338,5,70,국
338,5,278,빵
338,5,31,라면
338,5,56,면
338,5,9,유부초밥
338,5,323,연어
338,5,90,된장찌개
338,5,94,찌개
339,4,62,미역국
339,4,70,국
339,4,1,떡볶이
339,4,15,떡
339,4,31,라면
339,4,56,면
339,4,151,튀김
339,2,30,파스타
339,2,223,샐러드
339,2,254,스테이크
339,2,323,연어
339,4,36,국수
339,4,5,밥
339,4,12,초밥
339,4,68,탕
339,4,323,연어
339,4,51,냉면
339,4,90,된장찌개
339,4,91,김치찌개
339,4,94,찌개
339,3,254,스테이크
339,3,68,탕
339,3,91,김치찌개
339,3,94,찌개
339,4,30,파스타
339,4,8,죽
339,4,278,빵
339,3,8,죽
339,3,62,미역국
339,3,70,국
339,3,123,찜
339,5,158,빙수
339,5,165,팥빙수
339,5,277,토스트
339,5,278,빵
340,4,56,면
340,4,277,토스트
340,5,319,볼
340,3,223,샐러드
340,5,33,만두
340,5,36,국수
340,5,56,면
340,5,70,국
340,5,0,김밥
340,5,5,밥
340,3,133,구이
340,2,127,불고기
340,2,186,샌드위치
340,2,223,샐러드
340,5,276,케이크
341,5,184,버거
341,5,175,피자
341,5,254,스테이크
341,5,5,밥
341,5,12,초밥
341,5,56,면
341,5,68,탕
341,5,70,국
341,5,129,탕수육
341,5,147,수육
341,3,276,케이크
342,5,51,냉면
342,5,56,면
342,5,91,김치찌개
342,5,94,찌개
342,5,2,볶음밥
342,5,5,밥
342,5,31,라면
342,5,88,전골
343,2,51,냉면
343,2,56,면
343,4,160,강정
343,4,190,통닭
343,3,15,떡
343,3,276,케이크
343,4,70,국
343,3,4,덮밥
343,3,5,밥
343,3,33,만두
343,3,70,국
343,3,8,죽
343,4,276,케이크
343,4,280,파운드케이크
343,4,33,만두
343,3,186,샌드위치
343,3,133,구이
343,3,36,국수
343,3,51,냉면
343,3,56,면
344,5,5,밥
344,5,7,비빔밥
344,5,8,죽
344,4,44,짜장면
344,4,56,면
344,5,133,구이
344,4,33,만두
344,4,2,볶음밥
344,4,5,밥
344,4,36,국수
344,4,70,국
344,5,294,와플
345,4,5,밥
345,5,70,국
345,3,1,떡볶이
345,3,15,떡
345,4,70,국
345,5,68,탕
345,3,56,면
345,4,151,튀김
346,5,70,국
346,5,5,밥
346,5,7,비빔밥
346,5,8,죽
346,1,56,면
346,5,56,면
346,5,295,파이
346,5,43,짬뽕
346,1,31,라면
346,5,65,콩나물국
346,5,206,나물
347,5,15,떡
347,5,151,튀김
347,5,160,강정
347,4,0,김밥
347,4,5,밥
347,4,70,국
347,5,36,국수
347,5,70,국
347,4,51,냉면
347,4,56,면
347,5,68,탕
347,5,123,찜
252,5,8,죽
252,3,175,피자
252,2,88,전골
252,2,94,찌개
252,3,132,돈까스
252,3,12,초밥
252,4,163,스틱
252,4,170,치즈스틱
252,5,175,피자
348,5,133,구이
348,5,56,면
348,5,5,밥
348,5,70,국
348,3,93,부대찌개
348,3,94,찌개
348,5,123,찜
348,5,33,만두
348,4,33,만두
348,4,51,냉면
348,4,56,면
348,4,133,구이
348,4,278,빵
349,3,36,국수
349,3,70,국
350,4,285,브라우니
350,4,287,스콘
350,5,70,국
350,5,75,오이냉국
350,5,278,빵
351,5,5,밥
351,4,15,떡
351,4,70,국
351,4,133,구이
351,4,278,빵
351,4,30,파스타
351,4,175,피자
351,4,223,샐러드
351,4,241,콥샐러드
351,4,56,면
351,4,132,돈까스
351,4,151,튀김
351,4,295,파이
352,3,5,밥
352,2,5,밥
352,2,91,김치찌개
352,2,94,찌개
352,4,36,국수
352,4,70,국
352,3,158,빙수
352,2,36,국수
352,2,70,국
352,5,30,파스타
352,5,175,피자
352,4,126,치킨
352,4,0,김밥
352,4,5,밥
352,4,132,돈까스
352,4,276,케이크
352,4,319,볼
352,4,321,다쿠아즈
352,4,30,파스타
352,4,175,피자
352,5,5,밥
353,5,278,빵
353,5,281,식빵
353,4,144,닭갈비
353,5,36,국수
353,5,56,면
353,5,70,국
353,5,33,만두
353,5,39,칼국수
353,5,5,밥
353,5,8,죽
353,5,88,전골
353,5,12,초밥
354,4,33,만두
354,4,36,국수
354,4,39,칼국수
354,4,56,면
354,4,70,국
354,4,123,찜
354,3,278,빵
354,3,184,버거
354,3,36,국수
354,3,39,칼국수
354,3,70,국
354,3,132,돈까스
354,4,15,떡
354,4,278,빵
354,4,292,호떡
354,3,5,밥
354,3,8,죽
354,3,12,초밥
354,3,26,카레
354,3,323,연어
355,5,323,연어
355,5,56,면
355,5,176,말이
355,5,278,빵
355,5,68,탕
355,4,5,밥
355,4,70,국
355,3,4,덮밥
355,3,5,밥
355,5,184,버거
355,5,295,파이
356,3,5,밥
356,3,56,면
356,3,133,구이
356,5,5,밥
356,5,56,면
356,5,70,국
356,5,86,닭개장
356,5,319,볼
356,3,175,피자
356,4,0,김밥
356,4,5,밥
356,4,36,국수
356,4,40,쫄면
356,4,56,면
356,4,70,국
356,5,158,빙수
356,5,165,팥빙수
356,4,123,찜
357,4,31,라면
357,4,56,면
357,5,56,면
357,3,56,면
357,3,126,치킨
358,4,278,빵
358,4,56,면
358,4,35,수제비
358,4,150,감자전
358,3,319,볼
358,5,151,튀김
358,5,164,고구마튀김
358,5,184,버거
358,3,5,밥
358,3,36,국수
358,3,70,국
358,3,126,치킨
358,5,56,면
358,5,68,탕
358,3,0,김밥
358,4,0,김밥
358,4,5,밥
358,3,49,우동
358,3,172,꼬치
358,4,70,국
358,3,77,밀푀유나베
358,4,254,스테이크
359,5,133,구이
359,4,2,볶음밥
359,4,5,밥
359,4,6,김치볶음밥
359,3,43,짬뽕
359,3,44,짜장면
359,3,56,면
359,3,68,탕
359,3,129,탕수육
359,3,147,수육
359,3,319,볼
359,5,36,국수
359,5,70,국
359,4,1,떡볶이
359,4,15,떡
359,4,70,국
359,5,56,면
359,5,132,돈까스
359,5,5,밥
359,5,57,알리오올리오
359,5,30,파스타
359,5,1,떡볶이
359,5,15,떡
359,5,151,튀김
359,5,168,감자튀김
359,5,184,버거
360,5,254,스테이크
361,5,184,버거
361,5,302,스프
361,4,133,구이
362,3,278,빵
362,4,70,국
362,4,0,김밥
362,4,5,밥
362,5,5,밥
362,3,36,국수
362,3,41,콩국수
362,3,70,국
362,4,278,빵
362,4,291,마들렌
362,4,163,스틱
362,3,56,면
362,3,281,식빵
362,3,5,밥
362,3,30,파스타
362,3,254,스테이크
363,4,70,국
363,4,276,케이크
363,4,278,빵
363,4,2,볶음밥
363,4,5,밥
363,1,70,국
363,1,101,청국장
363,5,302,스프
363,5,33,만두
363,5,36,국수
363,5,39,칼국수
363,5,70,국
363,5,71,육개장
363,3,70,국
363,3,88,전골
363,3,101,청국장
363,3,36,국수
363,4,49,우동
363,4,56,면
363,3,133,구이
363,5,56,면
363,5,31,라면
364,5,8,죽
364,4,5,밥
364,5,0,김밥
364,5,5,밥
364,5,132,돈까스
364,4,70,국
364,4,7,비빔밥
364,4,8,죽
364,4,278,빵
364,4,0,김밥
364,4,1,떡볶이
364,4,15,떡
364,4,56,면
364,4,132,돈까스
364,4,206,나물
364,4,124,갈치조림
364,4,133,구이
364,5,7,비빔밥
365,5,5,밥
365,5,31,라면
365,5,56,면
365,5,91,김치찌개
365,5,94,찌개
365,4,0,김밥
365,4,1,떡볶이
365,4,5,밥
365,4,15,떡
365,4,302,스프
365,4,70,국
365,4,278,빵
365,4,35,수제비
365,4,161,라볶이
366,3,175,피자
366,4,2,볶음밥
366,4,5,밥
366,4,56,면
366,3,15,떡
366,3,56,면
366,4,31,라면
367,4,56,면
367,4,278,빵
367,4,290,브레드
367,4,31,라면
367,4,33,만두
367,4,36,국수
367,4,39,칼국수
367,4,41,콩국수
367,4,70,국
367,4,319,볼
368,5,223,샐러드
368,5,56,면
368,3,2,볶음밥
368,3,5,밥
368,3,68,탕
368,3,151,튀김
368,4,36,국수
368,4,56,면
368,4,70,국
368,5,70,국
368,5,68,탕
369,3,70,국
369,3,91,김치찌개
369,3,94,찌개
369,4,295,파이
369,5,93,부대찌개
369,5,94,찌개
369,4,223,샐러드
369,3,184,버거
369,4,0,김밥
369,4,5,밥
369,4,70,국
369,5,133,구이
370,5,127,불고기
370,5,0,김밥
370,5,1,떡볶이
370,5,5,밥
370,5,15,떡
370,5,19,국물떡볶이
370,5,70,국
370,5,278,빵
370,3,56,면
370,4,184,버거
370,3,70,국
370,5,33,만두
370,5,56,면
370,3,302,스프
371,4,91,김치찌개
371,4,94,찌개
371,4,35,수제비
371,4,36,국수
371,4,39,칼국수
371,4,70,국
371,5,5,밥
371,5,56,면
371,3,4,덮밥
371,3,5,밥
371,3,32,비빔국수
371,3,36,국수
371,3,56,면
371,3,70,국
371,3,127,불고기
371,3,130,소불고기
371,3,206,나물
371,5,70,국
371,4,41,콩국수
371,4,56,면
371,4,127,불고기
371,5,36,국수
371,5,39,칼국수
371,5,133,구이
372,5,133,구이
372,3,36,국수
372,3,70,국
372,4,70,국
372,3,15,떡
372,3,56,면
372,3,158,빙수
372,3,2,볶음밥
372,3,5,밥
372,3,30,파스타
372,3,254,스테이크
372,5,51,냉면
372,5,56,면
372,5,147,수육
372,4,56,면
373,5,158,빙수
373,5,36,국수
373,5,56,면
373,5,70,국
373,5,31,라면
373,5,206,나물
374,4,5,밥
374,4,70,국
374,4,133,구이
374,4,0,김밥
374,4,176,말이
374,4,197,계란말이
374,5,36,국수
374,5,70,국
374,4,36,국수
374,5,5,밥
374,5,56,면
374,4,68,탕
375,5,175,피자
375,5,5,밥
375,1,36,국수
375,1,56,면
375,1,70,국
375,5,319,볼
375,5,88,전골
375,5,56,면
375,5,70,국
375,5,7,비빔밥
375,5,101,청국장
375,4,5,밥
375,4,14,쌈밥
375,5,8,죽
376,5,5,밥
376,4,91,김치찌개
376,4,94,찌개
376,4,121,제육볶음
376,4,2,볶음밥
376,4,5,밥
376,4,21,계란볶음밥
376,4,33,만두
376,4,133,구이
376,4,172,꼬치
376,1,5,밥
376,1,51,냉면
376,1,56,면
376,1,70,국
376,5,1,떡볶이
376,5,15,떡
376,5,31,라면
376,5,35,수제비
376,5,56,면
376,5,68,탕
376,5,8,죽
376,4,68,탕
376,4,70,국
376,5,175,피자
376,5,70,국
376,4,56,면
376,5,2,볶음밥
376,5,133,구이
376,5,172,꼬치
376,4,15,떡
376,4,51,냉면
376,4,81,감자탕
376,4,134,떡갈비
376,2,123,찜
376,5,88,전골
276,4,276,케이크
276,4,284,치즈케이크
377,4,30,파스타
377,4,175,피자
377,4,186,샌드위치
377,5,56,면
377,4,56,면
377,4,184,버거
377,4,132,돈까스
377,5,30,파스타
377,5,223,샐러드
377,5,254,스테이크
377,5,51,냉면
377,5,132,돈까스
377,5,302,스프
378,5,36,국수
378,5,70,국
378,5,68,탕
378,5,56,면
378,5,8,죽
378,5,186,샌드위치
378,5,126,치킨
379,5,5,밥
379,5,70,국
379,5,206,나물
379,4,43,짬뽕
379,4,68,탕
379,4,70,국
379,4,129,탕수육
379,4,147,수육
379,5,36,국수
379,5,56,면
379,5,133,구이
380,4,5,밥
380,4,90,된장찌개
380,4,94,찌개
380,4,133,구이
380,4,276,케이크
380,4,68,탕
380,4,70,국
380,3,278,빵
380,3,56,면
380,3,2,볶음밥
380,3,5,밥
380,4,56,면
380,4,278,빵
380,4,8,죽
380,4,20,전복죽
380,4,60,닭볶음탕
381,5,127,불고기
381,5,133,구이
382,4,56,면
382,4,278,빵
382,4,70,국
382,4,33,만두
382,4,51,냉면
382,4,175,피자
382,4,30,파스타
382,4,36,국수
382,5,133,구이
382,4,124,갈치조림
383,4,1,떡볶이
383,4,15,떡
383,3,1,떡볶이
383,3,15,떡
383,4,144,닭갈비
383,5,302,스프
383,3,278,빵
384,4,319,볼
384,4,132,돈까스
384,3,319,볼
384,4,56,면
384,3,56,면
384,5,278,빵
384,5,56,면
385,4,8,죽
385,4,184,버거
385,4,43,짬뽕
385,5,175,피자
385,5,319,볼
385,4,70,국
385,4,1,떡볶이
385,4,15,떡
385,5,43,짬뽕
385,5,56,면
386,5,159,젤리
386,5,70,국
386,5,186,샌드위치
386,5,223,샐러드
386,5,285,브라우니
386,5,0,김밥
386,5,5,밥
386,5,40,쫄면
386,5,49,우동
386,5,56,면
386,5,126,치킨
387,5,5,밥
387,5,56,면
387,5,302,스프
387,4,56,면
387,4,294,와플
387,4,175,피자
387,5,172,꼬치
388,5,68,탕
388,5,70,국
388,5,87,갈비탕
388,5,56,면
388,2,123,찜
389,5,5,밥
389,5,70,국
390,4,56,면
390,4,127,불고기
390,4,151,튀김
390,4,168,감자튀김
390,4,184,버거
391,5,49,우동
391,4,133,구이
391,5,56,면
391,4,70,국
391,4,101,청국장
391,5,278,빵
391,4,44,짜장면
391,4,56,면
391,5,5,밥
391,5,70,국
253,3,36,국수
253,3,70,국
392,4,4,덮밥
392,4,5,밥
392,4,56,면
392,3,33,만두
392,4,319,볼
392,3,5,밥
392,3,56,면
392,3,90,된장찌개
392,3,94,찌개
392,3,0,김밥
392,3,184,버거
392,2,56,면
392,5,56,면
392,5,319,볼
392,3,319,볼
393,5,5,밥
393,4,51,냉면
393,4,56,면
393,5,68,탕
393,5,69,삼계탕
393,5,70,국
393,4,4,덮밥
393,4,5,밥
393,4,31,라면
393,5,126,치킨
393,5,319,볼
394,5,123,찜
394,5,33,만두
394,5,36,국수
394,5,39,칼국수
394,5,70,국
395,4,68,탕
395,4,133,구이
395,4,70,국
395,3,185,브리또
395,5,68,탕
395,5,69,삼계탕
395,3,31,라면
395,3,56,면
395,5,4,덮밥
395,5,5,밥
395,5,319,볼
395,5,56,면
395,5,132,돈까스
396,4,302,스프
396,5,133,구이
396,5,31,라면
396,5,56,면
396,5,70,국
396,5,319,볼
396,5,5,밥
396,5,33,만두
396,5,88,전골
396,5,68,탕
396,5,81,감자탕
396,5,126,치킨
396,5,184,버거
396,5,36,국수
396,5,1,떡볶이
396,5,15,떡
396,5,144,닭갈비
397,4,30,파스타
397,4,175,피자
397,4,223,샐러드
397,5,5,밥
397,5,36,국수
397,5,39,칼국수
397,5,70,국
397,5,56,면
397,5,88,전골
397,5,133,구이
397,4,33,만두
397,4,43,짬뽕
397,4,56,면
397,4,68,탕
397,4,129,탕수육
397,4,147,수육
397,5,319,볼
398,4,68,탕
398,4,70,국
398,4,81,감자탕
398,1,126,치킨
398,5,133,구이
398,5,70,국
398,5,175,피자
399,3,32,비빔국수
399,3,36,국수
399,3,70,국
399,5,56,면
399,5,70,국
399,5,302,스프
400,5,278,빵
400,5,56,면
400,5,175,피자
400,5,296,카스테라
400,4,56,면
400,4,68,탕
401,5,68,탕
401,5,56,면
402,4,126,치킨
402,3,0,김밥
402,3,5,밥
402,3,70,국
402,4,4,덮밥
402,4,5,밥
402,1,56,면
402,1,160,강정
402,1,190,통닭
402,4,15,떡
402,4,56,면
402,4,294,와플
402,4,133,구이
402,4,70,국
402,4,181,오코노미야끼
402,4,31,라면
402,3,299,티라미수
402,3,223,샐러드
402,4,184,버거
403,4,56,면
403,4,133,구이
404,4,104,스튜
404,5,0,김밥
404,5,5,밥
404,4,56,면
404,3,223,샐러드
404,4,70,국
404,4,319,볼
405,5,68,탕
405,5,278,빵
405,5,0,김밥
405,5,5,밥
405,5,56,면
405,5,319,볼
405,5,51,냉면
405,5,133,구이
405,5,33,만두
405,5,36,국수
405,5,39,칼국수
405,5,70,국
406,5,56,면
407,5,295,파이
407,5,287,스콘
407,2,51,냉면
407,2,56,면
407,5,56,면
407,5,8,죽
407,5,278,빵
407,5,132,돈까스
407,5,31,라면
8,1,30,파스타
8,1,175,피자
8,4,70,국
408,5,126,치킨
408,5,71,육개장
408,5,68,탕
409,4,5,밥
409,4,12,초밥
409,3,184,버거
409,4,278,빵
409,4,15,떡
409,4,158,빙수
409,4,1,떡볶이
409,4,2,볶음밥
409,4,151,튀김
409,4,168,감자튀김
409,5,70,국
409,5,319,볼
409,5,31,라면
409,5,56,면
409,2,56,면
409,2,104,스튜
409,2,254,스테이크
410,5,30,파스타
410,5,319,볼
410,5,56,면
410,5,132,돈까스
410,5,31,라면
410,5,5,밥
410,5,123,찜
410,5,136,갈비찜
410,5,276,케이크
410,5,49,우동
410,5,186,샌드위치
410,5,208,피클
410,5,15,떡
410,5,70,국
410,5,133,구이
410,5,158,빙수
410,5,165,팥빙수
410,5,68,탕
410,5,69,삼계탕
410,5,138,찜닭
410,5,278,빵
410,5,176,말이
411,5,8,죽
411,5,51,냉면
411,5,56,면
411,5,276,케이크
411,4,51,냉면
411,4,56,면
411,4,127,불고기
411,4,33,만두
411,4,36,국수
411,4,39,칼국수
411,4,70,국
411,5,35,수제비
411,5,141,낙지볶음
411,4,68,탕
411,4,69,삼계탕
411,5,5,밥
22,5,126,치킨
22,5,160,강정
22,5,132,돈까스
22,2,88,전골
22,2,91,김치찌개
22,2,94,찌개
22,5,276,케이크
22,5,284,치즈케이크
22,5,285,브라우니
22,3,31,라면
22,3,56,면
22,3,68,탕
412,4,15,떡
412,4,126,치킨
412,3,278,빵
412,3,290,브레드
412,3,319,볼
412,3,184,버거
412,4,319,볼
412,4,179,팬케이크
412,4,184,버거
412,4,276,케이크
412,4,278,빵
412,5,70,국
412,5,158,빙수
412,5,291,마들렌
412,4,5,밥
412,4,133,구이
412,4,160,강정
412,5,5,밥
412,5,26,카레
412,5,30,파스타
412,5,127,불고기
412,5,184,버거
412,5,223,샐러드
412,5,234,파스타샐러드
412,5,254,스테이크
412,3,5,밥
412,3,56,면
412,3,223,샐러드
412,4,56,면
412,4,9,유부초밥
412,4,12,초밥
412,4,31,라면
413,4,33,만두
413,4,56,면
413,4,68,탕
413,4,70,국
413,5,5,밥
413,5,31,라면
413,5,56,면
413,5,70,국
413,5,319,볼
11,5,133,구이
11,5,43,짬뽕
11,5,68,탕
11,5,129,탕수육
11,5,147,수육
11,5,12,초밥
11,5,323,연어
414,4,47,비빔면
414,4,56,면